aX,aY,aZ,gX,gY,gZ
-0.13,-0.13,-1.03,-8.24,2.26,0.37
-0.14,-0.13,-1.05,-10.74,2.81,2.56
-0.14,-0.15,-1.07,-11.11,5.00,2.99
-0.13,-0.17,-1.07,-5.80,7.39,2.32
-0.13,-0.18,-1.07,-1.34,10.07,0.43
-0.12,-0.16,-1.07,-0.79,13.49,-0.37
-0.09,-0.16,-0.99,-3.78,15.69,3.11
-0.07,-0.19,-0.97,-4.52,13.79,0.92
-0.06,-0.18,-0.96,-2.81,12.27,-1.83
-0.06,-0.15,-0.95,-0.85,10.38,-2.01
-0.06,-0.15,-0.94,1.95,8.18,-2.38
-0.06,-0.15,-0.95,2.44,6.71,-3.17
-0.06,-0.14,-0.93,1.04,5.68,-1.89
-0.06,-0.14,-0.91,-0.31,3.23,-0.12
-0.06,-0.15,-0.92,-0.79,0.06,1.10
-0.08,-0.17,-0.98,-5.49,-2.32,2.26
-0.08,-0.17,-0.98,-5.92,-2.38,1.65
-0.08,-0.16,-0.99,-8.97,-3.23,2.14
-0.09,-0.16,-1.00,-10.56,-2.93,2.26
-0.10,-0.16,-1.00,-10.68,-3.11,2.99
-0.10,-0.19,-1.03,-9.58,-2.69,2.08
-0.11,-0.19,-1.05,-8.85,-1.04,-0.55
-0.11,-0.16,-1.06,-6.47,1.46,-2.56
-0.10,-0.11,-1.05,-2.99,4.15,-2.87
-0.09,-0.08,-0.98,-1.34,4.39,0.37
-0.08,-0.07,-0.97,-0.31,3.54,1.71
-0.07,-0.06,-0.97,-2.32,2.14,4.03
-0.08,-0.09,-0.99,-4.33,2.01,5.49
-0.07,-0.11,-0.99,-5.31,2.26,4.94
-0.07,-0.11,-0.99,-5.74,2.56,4.03
-0.07,-0.10,-0.97,-4.15,2.50,3.78
-0.07,-0.10,-0.93,0.98,-0.06,3.91
-0.07,-0.11,-0.96,2.20,-1.10,4.70
-0.08,-0.12,-0.98,2.93,-0.55,5.92
-0.07,-0.13,-0.98,2.32,-0.24,7.63
-0.07,-0.17,-0.97,0.79,-0.55,8.00
-0.07,-0.18,-0.96,-0.12,-0.92,7.14
-0.08,-0.18,-0.96,-2.44,-4.09,6.16
-0.08,-0.18,-0.99,-0.98,-5.49,5.55
-0.09,-0.18,-1.01,-1.04,-5.13,4.03
-0.09,-0.17,-1.03,0.24,-3.91,3.05
-0.09,-0.16,-1.03,1.65,-2.56,1.89
-0.09,-0.14,-1.02,2.26,-1.34,0.92
-0.09,-0.13,-1.01,3.42,-0.61,0.92
-0.08,-0.12,-0.99,4.70,-0.92,0.24
-0.09,-0.10,-1.00,3.11,-1.16,0.92
-0.09,-0.12,-1.02,0.61,0.49,2.26
-0.10,-0.13,-1.01,1.95,1.28,1.16
-0.09,-0.12,-1.00,3.36,2.14,0.24
-0.09,-0.12,-0.99,5.92,2.56,0.24
-0.09,-0.13,-0.99,6.16,2.38,0.31
-0.09,-0.15,-1.00,5.55,3.11,-0.61
-0.09,-0.15,-1.00,5.43,4.64,-1.53
-0.08,-0.14,-0.99,3.91,5.62,-1.40
-0.07,-0.14,-0.96,2.87,4.15,-0.37
-0.07,-0.15,-0.97,-0.61,2.99,-0.06
-0.07,-0.17,-0.97,-0.85,2.56,-1.95
-0.07,-0.16,-0.96,1.28,1.83,-3.05
-0.07,-0.14,-0.95,0.43,0.06,-3.17
-0.07,-0.14,-0.97,-1.10,-1.46,-2.62
-0.08,-0.15,-0.99,-1.10,-1.16,-2.87
-0.08,-0.15,-0.99,0.79,-0.12,-3.36
-0.08,-0.15,-0.98,1.89,-0.31,-3.30
-0.08,-0.16,-0.98,3.42,-0.67,-3.97
-0.08,-0.14,-0.98,3.05,-1.16,-4.15
-0.09,-0.14,-0.99,0.98,-1.83,-3.11
-0.10,-0.15,-1.01,0.55,-1.10,-3.05
-0.09,-0.14,-1.01,1.04,-0.49,-2.87
-0.09,-0.14,-1.01,0.98,-0.06,-3.05
-0.09,-0.13,-1.00,-1.34,-0.24,-2.56
-0.09,-0.12,-1.00,-6.41,-0.55,-0.06
-0.09,-0.13,-1.01,-6.59,-0.37,0.18
-0.09,-0.12,-1.02,-4.76,0.24,0.79
-0.09,-0.13,-1.02,-2.26,1.10,0.98
-0.09,-0.13,-1.03,-1.04,2.14,0.37
-0.09,-0.12,-1.02,-0.85,3.60,0.37
-0.08,-0.12,-1.01,-1.71,3.78,1.16
-0.08,-0.12,-0.99,-1.77,3.36,1.40
-0.08,-0.12,-0.99,-0.43,2.56,1.22
-0.08,-0.11,-1.00,0.37,2.62,3.66
-0.08,-0.12,-1.00,1.71,3.66,3.85
-0.08,-0.13,-1.00,4.09,4.33,3.72
-0.07,-0.14,-1.00,5.31,4.94,2.93
-0.07,-0.14,-0.99,5.98,5.31,3.05
-0.06,-0.13,-0.99,4.03,5.31,3.66
-0.07,-0.12,-0.99,0.37,4.70,5.80
-0.07,-0.12,-1.01,-2.14,5.13,7.26
-0.07,-0.12,-1.00,-4.58,7.45,9.70
-0.07,-0.12,-0.99,-4.33,7.63,9.83
-0.07,-0.13,-0.99,-3.66,7.45,10.25
-0.07,-0.15,-1.00,-1.77,7.57,8.91
-0.06,-0.15,-0.99,1.46,8.06,7.14
-0.06,-0.14,-0.98,3.42,8.00,6.96
-0.06,-0.13,-0.98,4.21,7.93,7.08
-0.05,-0.14,-0.97,-3.91,6.47,11.29
-0.05,-0.18,-0.97,-4.33,5.43,9.03
-0.04,-0.16,-0.96,-5.86,4.39,7.69
-0.04,-0.14,-0.96,-7.45,2.01,7.81
-0.05,-0.14,-0.98,-7.63,0.67,8.00
-0.05,-0.14,-1.01,-7.87,1.65,8.24
-0.05,-0.14,-1.02,-9.09,1.83,7.51
-0.06,-0.07,-1.02,-14.10,2.14,8.91
-0.06,-0.07,-1.01,-15.50,2.69,12.15
-0.05,-0.13,-0.98,-10.74,2.32,11.90
-0.04,-0.17,-0.98,-3.36,1.65,8.73
-0.04,-0.17,-0.97,2.81,1.34,4.64
-0.03,-0.13,-0.97,4.94,0.00,3.42
-0.03,-0.13,-0.98,1.46,-0.73,4.21
-0.04,-0.15,-0.99,1.34,-0.92,3.42
-0.04,-0.12,-1.00,-5.37,-0.24,3.48
-0.05,-0.13,-0.99,-8.54,-0.31,4.39
-0.04,-0.14,-0.98,-6.47,-0.55,3.60
-0.04,-0.14,-0.97,-2.44,-1.71,2.32
-0.04,-0.13,-0.99,1.77,-2.32,1.46
-0.04,-0.12,-1.00,3.36,-1.95,0.92
-0.05,-0.12,-1.01,4.15,-1.46,0.49
-0.05,-0.11,-1.00,2.44,-0.85,1.16
-0.04,-0.12,-0.99,2.14,-0.98,0.92
-0.04,-0.13,-0.99,2.32,-1.46,-0.18
-0.05,-0.13,-1.00,3.48,-1.59,-1.40
-0.05,-0.11,-1.02,3.30,-1.28,-1.46
-0.05,-0.10,-1.01,0.98,-0.85,0.06
-0.06,-0.12,-0.99,-0.12,-1.16,0.79
-0.06,-0.12,-1.00,-0.67,-1.46,0.12
-0.06,-0.12,-1.01,-2.50,-0.31,0.18
-0.06,-0.13,-1.00,0.06,0.31,-1.10
-0.05,-0.12,-0.99,4.33,0.43,-2.75
-0.05,-0.09,-0.98,5.25,0.24,-2.32
-0.05,-0.09,-0.98,2.38,-0.31,-0.43
-0.05,-0.11,-0.98,-0.24,-0.79,0.06
-0.06,-0.10,-1.00,-5.25,-1.46,0.06
-0.06,-0.11,-1.01,-7.63,-0.67,0.00
-0.06,-0.12,-1.01,-6.90,0.24,-1.04
-0.06,-0.11,-1.00,-5.74,0.49,-2.20
-0.05,-0.10,-0.99,-3.42,0.55,-2.26
-0.05,-0.09,-0.98,-2.38,-1.46,-0.49
-0.05,-0.11,-0.99,-5.37,-2.20,0.43
-0.06,-0.13,-1.01,-6.04,-1.95,-0.55
-0.06,-0.13,-1.02,-3.05,-1.46,-1.40
-0.05,-0.11,-1.01,-0.73,-0.73,-1.83
-0.05,-0.11,-1.01,-0.24,-1.04,-1.53
-0.05,-0.11,-1.01,-2.32,-0.43,-1.40
-0.05,-0.13,-1.00,-3.85,0.49,-3.17
-0.05,-0.13,-1.00,-1.89,1.53,-4.70
-0.05,-0.11,-1.00,0.18,2.08,-4.33
-0.05,-0.11,-1.00,-0.37,0.73,-3.36
-0.05,-0.12,-1.00,-1.28,0.85,-3.05
-0.05,-0.14,-0.99,-5.07,0.06,-3.05
-0.05,-0.15,-1.01,-10.13,0.73,-7.20
-0.05,-0.11,-0.99,-8.97,1.46,-7.93
-0.04,-0.10,-0.99,-8.73,0.67,-6.96
-0.04,-0.12,-1.00,-10.62,0.67,-7.20
-0.04,-0.14,-1.00,-11.78,0.67,-9.03
-0.04,-0.15,-1.00,-14.89,0.98,-11.78
-0.04,-0.15,-0.99,-15.08,1.40,-15.93
-0.05,-0.12,-1.00,-6.84,3.66,-22.16
-0.06,-0.07,-0.99,-5.80,3.48,-21.79
-0.06,-0.02,-0.97,-1.22,2.69,-17.82
-0.05,-0.01,-0.97,-1.83,0.61,-13.37
-0.05,-0.04,-0.98,-6.84,-0.12,-9.58
-0.05,-0.10,-0.99,-8.61,-0.92,-10.86
-0.05,-0.11,-1.01,-8.18,-0.24,-13.61
-0.05,-0.08,-1.01,-7.14,0.43,-15.20
-0.05,-0.04,-1.00,-5.98,-0.06,-13.79
-0.05,-0.00,-1.01,-3.78,0.24,-8.67
-0.05,-0.01,-1.02,-5.62,0.00,-4.88
-0.04,-0.04,-1.03,-8.54,1.28,-3.97
-0.05,-0.04,-1.02,-8.79,2.14,-3.91
-0.05,-0.04,-1.01,-7.39,2.44,-2.93
-0.05,-0.05,-1.00,-3.36,2.01,-1.89
-0.05,-0.04,-1.02,0.98,3.05,-1.40
-0.04,-0.02,-1.01,-2.44,3.17,0.79
-0.04,-0.02,-1.00,-3.91,3.48,2.99
-0.04,-0.04,-0.99,-5.62,2.50,5.07
-0.04,-0.07,-1.00,-6.47,1.34,5.13
-0.05,-0.09,-1.02,-4.33,2.01,3.54
-0.05,-0.07,-1.02,-1.53,3.11,3.17
-0.05,0.03,-1.02,-5.92,3.42,9.09
-0.06,0.03,-1.02,-9.22,3.11,14.59
-0.05,-0.01,-1.03,-7.63,3.48,17.15
-0.05,-0.06,-1.03,-2.01,5.00,16.54
-0.04,-0.08,-1.01,3.48,5.98,14.22
-0.03,-0.06,-0.98,7.02,5.55,12.82
-0.03,-0.02,-0.96,7.45,4.09,14.59
-0.04,0.05,-0.98,1.59,3.36,26.67
-0.05,0.05,-0.98,2.99,4.03,35.28
-0.05,-0.06,-0.99,1.10,4.64,39.67
-0.04,-0.16,-1.02,0.73,3.60,35.16
-0.03,-0.17,-1.03,0.79,4.82,27.47
-0.01,-0.14,-1.01,0.31,6.41,21.36
-0.01,-0.11,-0.98,-7.63,5.07,17.88
-0.01,-0.15,-1.00,-13.31,2.81,14.10
-0.02,-0.16,-1.05,-13.06,4.09,7.39
-0.02,-0.11,-1.04,-7.69,6.65,3.97
-0.00,-0.09,-0.98,-0.31,6.41,-0.31
0.00,-0.07,-0.96,0.12,4.52,-1.04
-0.00,-0.05,-0.97,-1.40,2.87,-1.28
-0.01,-0.04,-0.98,-1.40,1.89,0.06
-0.01,-0.05,-0.99,-1.28,1.10,0.49
-0.02,-0.05,-1.01,-3.23,1.28,0.43
-0.02,-0.05,-1.02,-3.54,1.46,0.43
-0.02,-0.06,-1.00,-1.46,1.34,-0.37
-0.01,-0.05,-1.00,-0.49,0.79,-0.67
-0.01,-0.05,-0.99,0.06,0.12,-0.85
-0.02,-0.06,-1.00,3.11,-0.31,-1.34
-0.02,-0.07,-1.01,7.14,-0.18,-2.62
-0.01,-0.04,-1.02,7.32,1.22,-2.87
-0.01,-0.07,-1.02,5.92,2.14,-3.48
-0.00,-0.09,-1.00,4.27,2.87,-6.23
0.00,-0.12,-0.99,0.92,2.69,-10.93
-0.00,-0.13,-0.97,0.55,1.59,-16.24
-0.00,-0.14,-0.95,3.60,0.43,-20.94
0.00,-0.16,-0.91,6.84,-3.42,-24.72
0.00,-0.23,-0.91,6.65,-8.97,-30.82
0.00,-0.32,-0.94,8.18,-12.76,-42.72
-0.02,-0.34,-1.05,14.47,-14.04,-78.80
-0.05,-0.26,-1.06,5.92,-10.38,-91.06
-0.07,-0.22,-1.11,-1.40,-7.14,-100.59
-0.10,-0.18,-1.14,0.73,2.08,-107.06
-0.11,-0.18,-1.11,6.59,5.86,-107.79
-0.07,-0.26,-1.06,7.93,10.01,-113.40
-0.04,-0.26,-0.96,-7.63,9.77,-126.04
-0.04,-0.21,-0.88,-31.13,5.00,-133.42
-0.04,-0.14,-0.87,-45.47,-1.28,-137.51
-0.07,-0.07,-0.90,-66.53,-5.37,-136.11
-0.08,-0.15,-1.08,-44.68,2.20,-141.30
-0.08,-0.17,-1.05,-29.85,7.39,-143.68
-0.08,-0.11,-1.04,-23.44,11.11,-147.46
-0.09,0.05,-0.97,-30.27,12.76,-141.17
-0.08,0.05,-0.92,-47.97,4.88,-130.25
-0.07,-0.09,-1.02,-60.61,3.97,-132.02
-0.05,-0.08,-1.08,-53.16,14.40,-137.27
-0.02,-0.01,-0.96,-33.69,17.64,-136.60
-0.01,0.11,-0.87,-28.32,13.31,-134.77
-0.03,0.28,-0.85,-26.67,-4.15,-109.92
-0.04,0.26,-0.92,-28.02,-11.96,-102.84
-0.05,0.21,-1.01,-29.66,-11.11,-94.85
-0.05,0.22,-1.07,-17.27,-7.08,-90.03
-0.05,0.23,-1.06,-2.56,-1.28,-80.81
-0.04,0.19,-1.03,17.27,0.55,-76.17
-0.05,0.29,-0.97,19.04,-2.08,-58.35
-0.07,0.25,-0.96,9.46,-4.82,-48.10
-0.06,0.15,-0.98,-4.94,-8.54,-44.74
-0.04,0.15,-1.08,-0.98,-5.80,-42.42
-0.03,0.19,-1.07,20.26,5.25,-33.94
-0.02,0.15,-0.97,30.58,6.35,-27.28
-0.00,0.16,-0.96,33.75,3.54,-26.25
-0.03,0.34,-0.96,18.25,-1.46,0.43
-0.03,0.23,-0.97,13.67,-5.13,14.47
-0.02,0.12,-1.01,10.56,-5.13,20.63
-0.03,0.03,-1.03,10.13,-3.17,22.40
-0.02,-0.06,-1.06,10.62,-1.59,17.64
-0.02,-0.02,-1.08,19.04,2.81,12.70
-0.03,0.07,-1.05,24.54,5.68,13.31
-0.03,0.11,-1.02,17.27,3.54,15.87
-0.03,0.16,-1.07,1.28,2.56,30.09
-0.04,0.21,-1.12,-0.55,8.73,40.10
-0.05,0.34,-1.13,5.92,13.49,51.45
-0.08,0.36,-1.10,12.94,17.27,72.33
-0.08,0.12,-1.08,13.98,20.14,85.88
-0.05,0.03,-1.10,12.94,24.78,85.75
-0.05,0.17,-1.07,3.05,30.76,95.46
-0.05,0.16,-1.05,-4.52,29.48,110.90
-0.03,0.18,-1.06,-12.76,32.90,110.11
-0.02,0.31,-0.99,-15.93,35.52,124.51
-0.04,0.48,-0.94,-24.41,23.32,155.33
-0.06,0.46,-0.90,-32.47,13.61,179.57
-0.06,0.35,-0.93,-41.38,6.16,193.12
-0.08,0.27,-0.98,-45.53,5.31,205.20
-0.10,0.15,-1.02,-43.15,6.23,211.79
-0.12,-0.08,-1.04,-17.58,5.80,208.80
-0.09,-0.31,-1.16,21.24,9.70,190.55
-0.03,0.15,-1.08,38.70,38.51,172.73
-0.03,0.36,-0.97,33.08,26.18,187.07
-0.07,0.41,-0.98,35.46,20.63,207.21
-0.10,0.33,-0.96,28.81,17.15,229.00
-0.14,0.16,-0.92,14.47,15.93,243.53
-0.16,-0.08,-0.84,12.88,11.05,246.28
-0.14,-0.27,-0.79,18.07,-0.18,234.50
-0.07,-0.36,-0.83,22.95,-5.80,214.29
-0.02,-0.36,-0.96,1.89,-9.77,197.33
-0.02,-0.18,-1.13,-44.25,2.26,180.11
-0.01,-0.19,-1.10,-36.25,8.61,164.67
-0.01,-0.13,-0.94,-37.54,7.69,155.46
-0.01,-0.07,-0.90,-43.82,0.06,154.36
-0.01,-0.02,-1.03,-49.93,-0.12,152.89
-0.02,0.02,-1.08,-43.58,4.94,149.66
-0.03,0.03,-1.07,-36.01,6.71,150.70
-0.04,-0.04,-1.11,-29.85,5.62,146.97
-0.07,-0.22,-1.07,18.98,18.01,135.07
-0.05,-0.31,-0.83,43.52,15.93,124.21
-0.03,-0.29,-0.80,81.97,4.39,112.12
0.01,-0.28,-0.88,107.97,-7.39,98.63
-0.01,-0.09,-0.99,125.12,-13.85,87.22
0.01,0.07,-1.12,128.36,-7.81,100.40
0.10,0.10,-1.09,83.86,-1.40,111.63
0.09,0.05,-1.06,2.14,15.75,129.94
0.03,-0.12,-1.08,-10.44,22.64,130.86
0.01,-0.01,-1.07,-12.39,13.37,130.31
-0.01,-0.06,-1.09,-17.52,18.25,136.78
-0.02,-0.15,-1.12,-24.60,18.25,130.98
-0.05,-0.18,-1.17,-35.22,28.81,129.15
-0.06,-0.21,-1.07,-38.39,39.55,126.59
-0.03,-0.25,-0.85,-53.10,37.96,131.77
0.05,-0.26,-0.74,-28.02,8.00,115.72
0.05,-0.08,-0.82,-11.84,0.73,113.40
0.05,0.02,-0.86,5.62,-2.75,134.09
0.07,0.01,-0.95,15.93,-6.65,146.36
0.05,0.03,-1.10,29.05,-0.98,149.60
0.02,-0.00,-1.22,62.99,8.36,145.02
-0.02,-0.03,-1.25,95.21,21.06,137.51
0.20,-0.21,-1.15,117.43,35.89,135.80
0.04,-0.16,-1.01,145.75,36.56,77.33
0.04,-0.12,-0.76,54.57,21.24,160.52
0.04,-0.36,-0.63,23.25,-5.92,122.07
0.03,-0.27,-0.67,9.52,-22.46,115.17
0.01,-0.24,-0.74,-14.10,-29.42,111.39
0.01,-0.28,-0.77,-26.86,-33.69,115.23
0.02,-0.35,-0.80,-6.65,-40.34,101.50
-0.02,-0.37,-0.96,-19.41,-40.22,94.97
-0.07,-0.39,-1.16,-25.27,-25.70,83.98
-0.07,-0.28,-1.06,-21.24,-15.93,89.84
-0.09,-0.26,-1.01,-20.08,-14.89,90.09
-0.05,-0.20,-1.05,-14.47,-17.70,88.20
-0.04,-0.16,-1.15,1.77,-7.08,80.57
-0.07,-0.15,-1.03,32.35,-1.59,75.01
-0.04,-0.12,-0.95,49.80,-3.72,71.11
-0.02,-0.08,-0.89,35.71,2.87,73.55
-0.07,-0.14,-0.93,44.49,-23.99,84.66
-0.08,-0.11,-1.00,33.63,-21.79,83.50
-0.11,-0.10,-1.06,12.76,-17.52,82.40
-0.15,-0.11,-1.10,4.27,-7.08,82.89
-0.21,-0.24,-1.05,-0.67,-0.61,84.84
-0.23,-0.38,-0.98,-3.30,1.71,83.31
-0.22,-0.42,-0.92,-11.66,1.77,81.42
-0.18,-0.46,-0.87,-62.07,-2.69,95.70
-0.10,-0.56,-0.71,-23.93,-9.34,70.19
-0.10,-0.41,-0.77,1.59,-23.07,61.52
-0.07,-0.34,-0.93,26.12,-20.87,48.22
-0.06,-0.30,-0.99,31.92,-15.32,42.42
-0.05,-0.28,-1.02,34.18,-9.34,36.68
-0.09,-0.28,-0.99,35.58,-3.66,34.55
-0.12,-0.33,-0.92,39.55,-0.55,33.26
-0.13,-0.38,-0.91,58.41,-10.56,31.01
-0.14,-0.41,-0.98,65.00,-13.79,24.17
-0.06,-0.24,-1.21,43.88,-0.85,21.73
-0.10,-0.29,-1.23,4.82,12.51,25.15
-0.16,-0.29,-1.15,-5.80,19.71,23.62
-0.17,-0.22,-1.02,-5.62,17.21,29.54
-0.15,-0.26,-0.92,-8.85,11.11,35.22
-0.15,-0.25,-1.04,-33.69,3.60,44.37
-0.12,-0.38,-0.88,-9.40,8.67,38.51
-0.10,-0.56,-0.71,4.46,-5.86,20.08
-0.12,-0.43,-1.00,8.18,-5.55,11.35
-0.12,-0.46,-1.02,16.05,2.26,7.63
-0.12,-0.50,-0.93,20.81,7.57,3.54
-0.13,-0.53,-0.86,28.38,8.18,-2.14
-0.15,-0.54,-0.82,23.44,8.91,-6.29
-0.17,-0.59,-0.80,16.54,6.47,-9.83
-0.19,-0.66,-0.82,18.62,2.01,-18.43
-0.18,-0.62,-0.88,20.57,-0.18,-28.56
-0.18,-0.56,-0.87,13.24,1.89,-29.91
-0.16,-0.62,-0.90,-13.79,0.31,-35.10
-0.16,-0.66,-0.93,-12.15,2.50,-43.70
-0.16,-0.73,-0.88,-15.93,1.53,-54.57
-0.16,-0.76,-0.89,-22.09,0.37,-69.82
-0.15,-0.62,-0.98,-23.56,4.15,-85.27
-0.14,-0.41,-0.98,-14.28,12.21,-88.56
-0.12,-0.39,-0.91,-18.43,12.57,-83.62
-0.14,-0.63,-0.97,-25.02,14.89,-99.24
-0.16,-0.69,-0.92,-19.23,16.85,-113.34
-0.17,-0.83,-0.81,-19.71,13.98,-129.15
-0.16,-1.00,-0.81,-23.50,8.97,-158.51
-0.19,-0.99,-0.90,-9.58,-5.25,-202.94
-0.21,-0.86,-0.96,-18.43,4.33,-239.14
-0.22,-0.75,-1.00,-45.47,16.17,-276.61
-0.27,-0.60,-1.03,-86.36,30.82,-299.93
-0.30,-0.29,-1.03,-121.34,54.87,-318.36
-0.29,-0.07,-0.99,-106.51,57.92,-313.17
-0.23,0.04,-0.96,-77.88,53.71,-303.59
-0.17,0.17,-0.91,-49.62,47.97,-291.08
-0.13,0.03,-0.78,-33.14,30.64,-248.60
-0.12,-0.11,-0.84,-14.65,6.35,-261.05
-0.11,-0.02,-1.06,5.19,6.16,-258.85
-0.09,0.03,-1.09,68.97,18.31,-258.48
-0.08,-0.20,-0.90,36.56,11.23,-252.08
-0.08,-0.47,-0.79,5.37,2.50,-272.34
-0.11,-0.40,-0.75,7.81,-16.05,-296.75
-0.16,-0.15,-0.84,-8.79,-34.67,-301.94
-0.19,0.03,-0.98,-2.44,-37.17,-294.74
-0.16,0.12,-1.04,32.41,-33.94,-280.40
-0.13,0.19,-1.09,70.74,-31.68,-263.85
-0.09,0.30,-0.96,100.59,-28.38,-214.78
-0.07,0.33,-0.83,85.39,-41.02,-184.45
-0.03,0.14,-0.81,46.75,-53.34,-160.22
0.00,-0.05,-0.87,39.00,-62.19,-165.10
-0.00,0.06,-0.98,11.84,-69.64,-167.60
-0.01,0.14,-1.20,-15.63,-62.62,-159.24
-0.00,0.06,-1.34,-13.85,-41.63,-155.03
0.02,-0.01,-1.27,-11.23,-21.61,-151.73
0.03,-0.02,-1.11,-25.45,-13.00,-144.04
0.05,-0.05,-0.80,-73.49,-21.97,-123.41
0.06,-0.10,-0.85,-80.32,-27.47,-118.71
0.05,-0.06,-0.95,-64.82,-24.11,-127.14
0.04,0.10,-1.04,-34.55,-20.81,-119.81
0.03,0.12,-1.10,6.23,-13.12,-106.02
0.04,0.01,-1.08,17.21,-6.53,-98.69
0.04,-0.08,-1.00,15.99,-6.96,-96.92
0.04,-0.15,-0.92,-4.52,-11.23,-101.01
0.02,-0.06,-0.92,-24.72,-20.02,-119.38
0.01,0.04,-0.91,-3.91,-21.97,-121.28
0.00,0.08,-0.94,10.99,-22.89,-121.89
-0.02,0.09,-0.97,25.45,-19.65,-122.25
-0.02,0.08,-0.90,28.87,-19.65,-119.75
-0.02,0.03,-0.86,0.31,-30.46,-119.08
-0.02,-0.00,-0.95,-15.93,-32.84,-123.54
-0.02,-0.00,-1.02,-15.87,-29.17,-127.62
-0.02,0.01,-1.07,-7.20,-24.35,-131.41
-0.03,0.03,-1.10,-2.75,-15.32,-135.25
-0.03,0.05,-0.96,15.01,-6.77,-127.93
-0.03,0.02,-0.85,0.00,-14.71,-124.88
-0.04,-0.02,-0.82,-28.02,-26.86,-129.82
-0.06,0.00,-0.88,-27.89,-30.88,-135.13
-0.07,-0.04,-0.96,-3.54,-29.05,-138.98
-0.10,-0.00,-1.14,36.38,-27.10,-161.01
-0.12,0.13,-1.19,39.61,-7.39,-146.06
-0.11,0.17,-1.18,43.46,-0.18,-128.36
-0.10,0.14,-1.08,14.10,12.63,-104.68
-0.08,0.03,-0.95,-8.54,7.45,-101.87
-0.09,0.06,-0.92,12.45,-4.70,-106.51
-0.11,0.09,-1.00,21.67,-13.12,-102.72
-0.07,-0.00,-1.08,1.22,-9.22,-101.44
-0.07,0.03,-1.05,-37.90,-17.76,-112.43
-0.10,0.13,-1.06,-112.30,-21.18,-104.92
-0.12,0.16,-1.08,-126.34,-16.48,-98.88
-0.13,0.21,-1.06,-97.17,-11.96,-86.43
-0.11,0.22,-1.02,-58.11,-8.85,-72.45
-0.07,0.15,-1.00,-30.70,-4.52,-59.33
-0.06,0.16,-1.00,-0.85,-4.58,-61.89
-0.09,0.22,-1.07,-5.68,-0.73,-53.41
-0.11,0.27,-1.16,42.11,-1.40,-53.10
-0.06,0.28,-1.17,119.38,12.39,-35.77
-0.06,0.19,-1.08,145.14,15.99,-30.88
-0.06,0.20,-1.05,128.85,17.33,-25.45
-0.06,0.19,-1.04,77.21,15.81,-12.63
-0.05,0.11,-1.02,28.14,9.52,-11.47
-0.02,0.08,-0.97,-12.27,0.43,-10.99
-0.02,0.10,-0.95,-59.57,-7.45,-6.23
-0.05,0.18,-1.05,-17.82,1.10,13.31
-0.03,0.10,-0.94,-18.01,-1.46,10.13
0.00,0.05,-0.93,-26.25,-8.12,7.39
0.02,0.03,-0.96,-33.81,-10.80,4.64
0.02,0.10,-1.08,-40.41,-9.28,5.00
0.00,0.17,-1.20,-6.23,2.87,11.60
0.00,0.12,-1.11,50.17,28.81,26.37
-0.02,0.18,-0.99,40.28,32.04,32.17
-0.04,0.23,-0.86,15.14,29.05,56.95
-0.02,0.10,-0.78,-24.29,14.16,70.37
-0.00,0.03,-0.73,-52.12,-2.14,64.58
0.01,0.01,-0.72,-97.11,-22.52,68.18
0.02,0.03,-0.95,-117.68,-34.73,64.45
-0.00,0.16,-1.16,-68.54,-25.63,64.88
-0.06,0.34,-1.10,-45.65,-20.57,79.96
-0.09,0.46,-1.10,-41.99,-14.40,102.66
-0.14,0.57,-1.00,-44.13,-13.06,126.16
-0.20,0.73,-0.96,-23.13,-20.02,151.37
-0.25,0.78,-0.97,11.23,-25.27,193.73
-0.26,0.65,-0.93,27.16,-25.02,239.75
-0.24,0.44,-0.90,22.09,-29.85,264.83
-0.22,0.28,-0.94,13.67,-36.25,269.59
-0.11,-0.11,-1.15,42.42,-26.12,249.94
-0.09,-0.00,-1.16,112.37,-27.53,197.88
-0.14,0.42,-1.06,124.33,-25.45,205.57
-0.19,0.46,-1.00,94.36,-32.29,257.14
-0.19,0.12,-1.06,89.84,-35.89,266.54
-0.20,0.10,-1.03,71.66,-27.22,245.30
-0.26,0.33,-0.93,15.01,-22.64,259.89
-0.29,0.29,-0.88,-12.82,-27.95,279.05
-0.24,0.06,-0.89,-14.59,-30.76,270.63
-0.25,-0.01,-0.85,17.64,-22.71,243.23
-0.13,-0.01,-0.72,-3.78,-40.16,236.02
-0.20,0.10,-0.85,-58.53,-54.44,241.82
-0.26,0.06,-1.07,-69.52,-58.29,244.51
-0.24,-0.08,-1.33,-33.33,-51.82,233.15
-0.23,-0.09,-1.58,57.07,-24.96,222.96
-0.31,-0.07,-1.48,132.93,10.93,211.24
-0.35,-0.24,-1.21,176.51,28.75,201.35
-0.30,-0.33,-1.02,187.81,39.86,176.45
-0.25,-0.04,-0.92,187.68,41.38,156.62
-0.29,0.16,-0.91,101.62,40.77,196.72
-0.29,0.03,-0.96,93.63,35.89,209.05
-0.24,-0.16,-1.07,123.35,41.26,205.87
-0.19,-0.37,-1.03,109.80,54.81,187.56
-0.17,-0.39,-0.94,54.26,62.01,167.42
-0.17,-0.26,-0.89,5.49,63.05,166.50
-0.17,-0.08,-0.89,-21.12,55.79,173.46
-0.20,0.07,-0.91,-29.05,52.67,195.01
-0.26,0.08,-0.86,-35.95,42.11,223.63
-0.25,-0.24,-0.90,-30.76,29.42,270.20
-0.18,-0.44,-1.02,-1.10,19.65,241.09
-0.12,-0.63,-1.17,26.73,21.85,186.95
-0.10,-0.52,-1.16,21.24,27.53,114.14
-0.08,-0.23,-1.08,19.04,49.32,109.92
-0.05,-0.27,-0.90,37.96,51.09,101.32
-0.06,-0.29,-0.79,42.60,36.99,92.53
-0.09,-0.23,-0.85,32.59,34.85,86.12
0.02,-0.13,-0.80,9.09,17.70,92.90
-0.03,-0.13,-0.89,-11.54,1.22,107.12
-0.06,-0.13,-0.99,-11.35,-3.97,107.60
-0.06,-0.06,-1.07,-29.11,-6.71,110.84
-0.09,-0.06,-1.09,-30.58,-4.15,113.95
-0.10,-0.07,-1.04,-39.06,-2.99,108.70
-0.15,-0.04,-1.08,-40.53,2.99,108.52
-0.04,-0.07,-0.77,-45.10,-1.59,122.74
-0.10,-0.21,-0.77,-41.69,-14.71,128.78
-0.09,-0.28,-0.87,-23.56,-20.87,116.94
-0.09,-0.23,-0.97,6.77,-15.56,104.43
-0.10,-0.17,-0.97,44.62,-13.18,96.13
-0.11,-0.13,-1.01,36.87,-11.78,95.28
-0.14,-0.08,-1.09,22.03,-5.49,100.34
-0.11,-0.07,-1.07,27.40,3.05,100.89
-0.13,-0.11,-1.01,22.64,4.94,99.61
-0.15,-0.14,-0.92,30.52,4.88,95.70
-0.15,-0.20,-0.79,31.25,2.87,95.58
-0.15,-0.30,-0.69,18.62,-3.17,91.37
-0.15,-0.36,-0.65,12.08,-12.33,88.68
-0.14,-0.37,-0.70,-4.58,-22.22,83.56
-0.16,-0.37,-0.84,-30.58,-23.74,78.67
-0.18,-0.36,-0.92,-37.17,-22.28,72.51
-0.18,-0.30,-1.11,-22.83,-16.36,55.97
-0.15,-0.17,-1.15,-2.69,-6.53,51.82
-0.09,-0.10,-1.09,5.68,0.49,51.45
-0.07,-0.10,-0.99,-7.75,3.60,56.95
-0.10,-0.16,-0.94,-18.98,1.28,59.51
-0.12,-0.22,-0.93,13.92,-4.21,53.89
-0.13,-0.25,-0.95,36.68,-10.93,45.84
-0.14,-0.25,-1.00,40.10,-12.51,40.16
-0.15,-0.20,-1.15,23.80,-8.97,37.66
-0.15,-0.21,-1.24,1.04,-1.83,37.54
-0.16,-0.17,-1.22,-20.94,8.00,39.43
-0.21,-0.18,-1.09,-48.34,9.64,46.08
-0.24,-0.23,-1.01,-54.26,3.05,46.20
-0.22,-0.24,-1.02,-63.05,-4.39,44.07
-0.05,-0.11,-1.12,-1.04,-8.54,30.94
-0.01,-0.07,-1.07,-3.23,-2.14,32.04
-0.05,-0.13,-1.02,-7.57,-0.61,31.37
-0.07,-0.12,-1.04,4.09,2.62,29.17
-0.12,-0.19,-1.04,35.46,6.04,26.61
-0.18,-0.27,-0.96,51.27,6.29,19.84
-0.18,-0.26,-0.94,56.46,2.14,17.58
-0.15,-0.28,-0.98,55.85,3.30,15.93
-0.16,-0.29,-0.87,30.33,3.42,15.38
-0.13,-0.26,-0.86,26.06,-3.42,14.95
-0.10,-0.25,-0.92,19.47,-2.20,10.93
-0.08,-0.21,-0.92,13.73,2.26,7.20
-0.09,-0.19,-0.86,6.90,3.30,8.18
-0.10,-0.22,-0.85,-6.10,0.98,8.91
-0.12,-0.27,-0.86,-14.59,-0.31,11.41
-0.14,-0.35,-0.89,-12.02,-4.88,10.31
-0.15,-0.30,-1.06,1.53,-2.20,-0.37
-0.15,-0.28,-1.05,7.75,3.42,-4.70
-0.16,-0.30,-0.98,4.88,4.70,-7.02
-0.17,-0.33,-0.94,4.21,3.72,-9.58
-0.16,-0.36,-0.96,3.42,1.59,-13.24
-0.15,-0.36,-0.99,9.58,2.62,-18.07
-0.13,-0.37,-0.98,16.91,5.07,-22.95
-0.16,-0.50,-0.89,13.43,7.02,-34.85
-0.16,-0.52,-0.90,3.78,5.55,-43.88
-0.16,-0.44,-0.93,-9.16,6.41,-49.87
-0.15,-0.37,-0.96,-16.17,6.04,-50.17
-0.14,-0.42,-1.03,-12.27,9.89,-54.99
-0.17,-0.52,-1.04,-1.83,15.99,-67.75
-0.19,-0.57,-1.05,6.53,19.59,-82.28
-0.26,-0.66,-0.97,-3.66,31.98,-114.32
-0.29,-0.70,-0.87,-18.86,28.63,-124.02
-0.27,-0.74,-0.89,-20.14,23.19,-136.60
-0.26,-0.77,-0.95,-8.36,22.77,-156.98
-0.27,-0.76,-0.97,15.38,21.06,-179.57
-0.24,-0.66,-0.98,36.38,18.01,-202.51
-0.23,-0.59,-1.06,-21.12,34.42,-254.94
-0.26,-0.47,-0.96,-53.89,42.79,-278.50
-0.30,-0.27,-0.91,-80.93,45.84,-288.88
-0.25,-0.10,-0.94,-81.54,45.29,-278.63
-0.20,-0.02,-1.02,-40.47,47.55,-282.53
-0.22,0.22,-1.02,-16.66,46.51,-283.69
-0.16,0.36,-0.91,13.55,37.23,-248.72
-0.05,0.19,-0.93,-19.65,17.88,-211.43
-0.03,-0.13,-0.94,-48.34,22.16,-209.41
-0.07,-0.42,-0.98,-67.08,25.76,-224.00
-0.12,-0.54,-1.05,-41.69,28.20,-248.11
-0.16,-0.47,-0.94,-26.92,26.55,-273.62
-0.19,-0.32,-0.87,-21.24,19.59,-288.27
-0.20,0.32,-0.88,1.71,8.42,-279.11
-0.15,0.57,-0.93,-10.62,4.21,-244.63
-0.09,0.59,-1.00,-8.24,1.83,-204.71
-0.04,0.43,-0.98,-0.67,-0.98,-178.10
-0.03,0.18,-0.87,-2.99,-7.51,-163.70
-0.04,-0.11,-0.83,-12.76,-18.55,-167.60
-0.04,-0.20,-0.90,-7.32,-26.92,-182.25
-0.03,-0.04,-1.12,10.19,-18.49,-195.43
-0.04,0.07,-1.13,27.22,-8.42,-198.55
-0.03,0.13,-1.02,36.13,-2.56,-194.64
-0.02,0.09,-0.97,41.99,-8.12,-194.21
-0.04,0.15,-0.97,57.31,-10.74,-195.19
-0.07,0.26,-0.91,44.68,-19.59,-182.31
-0.05,0.27,-0.94,30.64,-29.97,-159.36
-0.03,0.16,-1.03,6.35,-33.45,-148.44
-0.02,0.07,-1.07,-19.53,-26.12,-135.93
0.00,-0.05,-1.06,-25.70,-23.74,-138.24
-0.01,-0.08,-1.06,-26.92,-19.41,-147.09
-0.04,0.00,-1.07,-21.42,-17.03,-151.37
-0.06,0.08,-1.10,-5.92,-14.22,-152.34
-0.06,0.13,-1.09,-21.79,-9.95,-153.63
-0.07,0.19,-1.05,-53.59,-7.51,-151.67
-0.09,0.24,-1.03,-84.41,-4.27,-145.94
-0.08,0.20,-1.00,-45.84,0.00,-123.35
-0.07,0.15,-0.98,-29.30,2.87,-120.61
-0.04,0.11,-0.96,-19.78,2.93,-121.83
-0.02,0.11,-0.95,2.32,2.62,-119.87
-0.02,0.11,-0.93,8.91,-2.01,-119.57
-0.02,0.13,-1.00,11.11,-2.32,-126.59
-0.05,0.21,-0.99,75.20,3.11,-131.71
-0.05,0.18,-1.00,101.32,1.53,-138.12
-0.07,0.15,-0.98,120.00,0.12,-139.89
-0.10,0.13,-0.94,104.80,-6.23,-142.03
-0.12,0.14,-1.01,92.16,-11.05,-142.52
-0.13,0.15,-1.00,84.41,-8.73,-141.30
-0.14,0.21,-0.95,74.28,-12.63,-129.82
-0.13,0.19,-0.95,63.96,-13.18,-118.90
-0.08,0.02,-0.88,36.38,-25.82,-109.92
-0.06,-0.03,-1.01,17.33,-33.08,-119.81
-0.05,0.03,-1.18,22.09,-28.44,-129.64
-0.04,0.05,-1.19,47.00,-12.63,-121.22
-0.03,0.01,-1.17,63.78,-6.10,-117.25
-0.03,0.05,-1.19,42.05,6.10,-108.46
-0.01,0.02,-1.09,31.19,14.77,-89.78
0.03,-0.06,-1.00,23.74,13.31,-82.40
0.04,-0.07,-1.05,13.06,9.09,-83.01
0.03,-0.05,-1.09,-6.41,8.00,-81.85
0.00,0.03,-1.11,-18.07,3.72,-77.03
-0.04,0.13,-1.01,-52.00,2.20,-55.48
-0.02,0.03,-0.96,-72.27,-6.90,-50.11
-0.00,-0.02,-1.03,-69.52,-9.40,-54.93
-0.03,0.06,-1.08,-63.72,-8.18,-58.41
-0.04,0.11,-1.10,-42.18,-4.21,-54.75
-0.03,0.17,-1.10,-21.67,-1.83,-47.85
-0.06,0.32,-1.07,0.43,3.48,-6.23
-0.07,0.30,-1.00,-3.66,3.05,18.62
-0.03,0.06,-0.96,-9.58,-4.09,28.08
0.00,-0.06,-1.02,-1.83,-8.61,18.80
-0.01,0.02,-1.07,5.98,-5.98,11.96
-0.00,0.08,-1.07,9.77,-0.98,11.96
0.01,0.08,-1.04,10.07,1.83,19.10
0.00,0.06,-0.96,11.90,-2.01,20.32
-0.01,0.08,-0.97,11.29,-5.62,17.33
-0.03,0.14,-0.96,10.80,-7.63,22.34
-0.02,0.10,-0.97,-0.92,-11.29,31.92
0.00,0.06,-1.01,-8.85,-12.63,40.34
0.00,0.06,-1.07,-5.07,-12.33,51.39
-0.01,0.08,-1.07,-4.33,-6.53,57.86
-0.02,0.12,-1.02,-8.24,-5.07,67.26
-0.04,0.14,-0.98,-4.70,-3.66,78.12
-0.07,0.29,-0.97,-4.64,-2.50,89.48
-0.14,0.57,-1.13,-3.72,2.69,161.07
-0.18,0.55,-1.30,20.26,13.00,211.30
-0.22,0.61,-1.50,26.92,30.70,254.82
-0.27,0.69,-1.61,22.34,61.40,322.39
-0.28,0.25,-1.46,-24.90,86.49,357.97
-0.25,-0.28,-1.14,-64.94,82.82,320.19
-0.18,-0.32,-0.74,-54.99,62.38,257.63
-0.10,-0.09,-0.43,-61.10,26.12,212.40
-0.04,0.03,-0.44,-88.62,-3.66,192.93
-0.00,0.17,-0.78,-95.83,-34.24,182.80
-0.03,0.23,-1.03,-84.17,-43.88,186.52
-0.02,0.12,-1.36,-27.77,-37.23,190.12
-0.02,-0.00,-1.56,75.99,-9.77,173.28
-0.07,0.10,-1.48,158.81,16.17,171.26
-0.12,0.21,-1.46,184.14,17.94,165.83
-0.10,0.08,-1.31,206.18,44.25,170.84
-0.04,0.10,-0.68,109.74,56.09,173.77
-0.03,0.07,-0.61,23.44,47.42,198.85
-0.04,-0.10,-0.67,-40.04,32.17,205.32
-0.06,-0.15,-0.79,-75.81,20.51,200.93
-0.06,-0.02,-0.87,-86.61,8.12,197.33
-0.08,0.07,-0.98,-104.19,-1.89,205.38
-0.09,0.03,-1.02,-120.42,-5.25,208.92
-0.11,0.12,-0.94,-175.78,-19.23,206.97
-0.17,0.22,-1.21,-265.20,-50.60,221.13
-0.18,0.18,-1.33,-181.03,-39.79,222.29
-0.17,0.04,-1.19,-106.14,-28.99,212.40
-0.15,0.01,-1.04,-51.94,-26.12,198.43
-0.13,0.09,-1.06,4.39,-19.90,189.51
-0.14,0.16,-1.07,76.11,-3.85,183.78
-0.12,0.06,-0.98,131.90,5.19,184.33
-0.11,-0.06,-0.89,157.53,14.34,172.00
-0.02,-0.15,-0.70,71.72,10.01,199.10
-0.05,-0.30,-0.82,19.59,-4.94,199.71
-0.09,-0.30,-0.90,-10.07,-13.55,199.10
-0.12,-0.30,-0.88,-45.53,-23.93,200.13
-0.12,-0.37,-0.93,-80.26,-37.54,189.70
-0.13,-0.25,-1.06,-131.77,-42.11,161.32
-0.16,-0.08,-1.16,-169.80,-33.45,157.84
-0.07,-0.10,-1.20,-175.84,-22.83,151.67
0.11,0.12,-1.38,24.23,10.86,103.58
0.06,0.03,-1.15,161.93,28.50,87.89
0.00,-0.04,-0.89,241.64,29.30,72.51
0.09,0.12,-0.74,285.22,23.13,76.29
0.17,0.16,-0.60,230.77,9.34,96.44
0.11,-0.03,-0.62,138.24,-6.35,109.68
0.06,-0.19,-0.77,86.06,-17.03,108.22
0.01,-0.20,-0.91,35.03,-26.92,107.36
-0.04,-0.28,-1.04,-1.34,-29.17,111.08
-0.07,-0.32,-1.09,-15.26,-32.71,100.16
-0.06,-0.21,-1.13,-34.42,-32.10,95.76
-0.06,-0.18,-1.15,-56.03,-23.38,95.28
-0.07,-0.18,-1.10,-47.00,-20.32,96.31
-0.06,-0.17,-1.00,-52.80,-19.71,99.67
-0.05,-0.17,-0.97,-43.15,-25.70,103.15
-0.02,-0.11,-1.07,50.60,-8.73,89.17
0.04,-0.11,-0.86,61.28,10.80,81.36
0.10,-0.06,-0.75,63.84,-13.79,81.42
0.04,-0.08,-0.83,46.33,-21.12,81.97
0.01,-0.09,-0.95,28.26,-19.71,76.84
-0.02,-0.13,-1.06,10.07,-15.26,79.10
-0.05,-0.21,-1.18,-3.05,-8.00,73.85
-0.07,-0.16,-1.24,-2.38,3.78,69.21
-0.11,-0.04,-1.04,-21.06,18.74,77.27
-0.11,-0.08,-0.95,-33.26,17.52,84.78
-0.11,-0.18,-0.83,-26.25,9.77,83.86
-0.11,-0.27,-0.79,7.51,-3.78,77.21
-0.07,-0.24,-0.85,40.95,-11.54,65.06
-0.02,-0.14,-0.85,52.86,-10.99,60.79
-0.01,-0.13,-0.81,23.19,-12.21,62.56
-0.05,-0.16,-0.86,-1.83,-14.04,63.60
-0.09,-0.18,-1.01,-24.60,-12.82,60.06
-0.12,-0.19,-1.05,-30.70,-12.33,59.14
-0.12,-0.19,-1.08,-12.39,-12.88,57.74
-0.09,-0.18,-1.09,21.85,-11.72,50.90
-0.03,-0.05,-1.05,52.67,-11.05,47.36
-0.00,0.05,-0.96,41.02,-11.11,53.16
-0.03,0.01,-0.93,14.22,-13.37,59.39
-0.10,-0.19,-1.06,5.49,-13.85,57.62
-0.13,-0.22,-1.07,24.05,-13.49,53.10
-0.12,-0.24,-1.09,53.47,-12.94,45.84
-0.09,-0.16,-1.10,69.58,-7.93,36.74
-0.07,-0.09,-1.07,61.40,-1.04,37.54
-0.07,-0.12,-1.03,44.62,5.13,41.87
-0.09,-0.19,-0.96,25.76,6.04,45.72
-0.12,-0.29,-0.93,14.89,2.38,46.02
-0.16,-0.39,-1.00,1.28,-4.39,42.60
-0.17,-0.40,-1.07,12.57,0.06,33.51
-0.17,-0.38,-0.99,35.10,3.30,27.95
-0.13,-0.34,-0.92,42.60,-0.67,23.07
-0.11,-0.34,-0.98,24.84,4.27,22.52
-0.15,-0.39,-0.95,14.28,9.16,20.63
-0.15,-0.39,-0.88,5.19,8.12,19.17
-0.15,-0.40,-0.85,0.24,6.16,16.97
-0.12,-0.38,-0.84,7.63,3.05,11.90
-0.07,-0.21,-0.88,14.10,3.05,11.47
-0.08,-0.24,-0.92,13.85,0.49,12.70
-0.09,-0.29,-1.04,11.72,3.17,9.77
-0.09,-0.30,-1.09,12.45,7.20,7.69
-0.05,-0.27,-1.14,7.26,10.68,6.16
-0.03,-0.26,-1.16,-11.72,21.55,5.80
-0.04,-0.32,-1.02,-7.26,24.35,8.42
-0.03,-0.36,-0.89,5.19,18.62,6.35
-0.05,-0.36,-0.79,18.19,11.11,5.13
-0.07,-0.42,-0.76,7.51,-9.58,5.19
-0.09,-0.47,-0.85,10.01,-13.92,1.04
-0.10,-0.46,-0.96,1.28,-12.51,-3.85
-0.12,-0.42,-1.05,-2.69,-6.16,-7.69
-0.13,-0.40,-1.05,4.52,-0.61,-11.17
-0.11,-0.40,-1.03,9.40,2.87,-16.60
-0.11,-0.40,-1.01,9.70,6.16,-24.66
-0.14,-0.39,-0.96,9.83,6.53,-28.26
-0.12,-0.46,-0.90,2.14,-0.92,-31.74
-0.14,-0.58,-0.96,4.27,-0.55,-37.96
-0.16,-0.72,-0.99,10.80,4.52,-50.84
-0.19,-0.85,-1.00,15.81,9.89,-67.81
-0.22,-0.94,-1.02,18.62,16.42,-89.29
-0.21,-1.00,-1.05,12.27,23.93,-114.50
-0.19,-1.09,-1.09,-10.74,36.19,-148.74
-0.22,-1.13,-1.09,-34.24,50.48,-193.54
-0.32,-0.83,-0.92,-37.05,61.22,-258.42
-0.33,-0.66,-0.72,-12.63,44.07,-256.65
-0.23,-0.64,-0.68,9.16,35.28,-265.14
-0.15,-0.58,-0.76,13.61,24.90,-281.43
-0.17,-0.53,-0.79,28.26,22.16,-302.00
-0.18,-0.46,-0.74,36.62,16.30,-319.52
-0.16,-0.29,-0.75,31.68,5.07,-327.51
-0.18,-0.21,-0.97,8.42,0.37,-330.32
-0.18,0.05,-1.20,-30.03,20.14,-337.28
-0.16,0.12,-1.13,-52.55,28.32,-336.06
-0.15,0.13,-0.93,-81.85,27.95,-327.58
-0.11,0.06,-0.69,-130.43,16.24,-305.79
-0.10,-0.06,-0.64,-143.13,0.00,-286.38
-0.10,0.03,-0.70,-111.76,-16.30,-278.81
-0.05,0.18,-0.91,-68.85,-25.02,-261.84
-0.01,0.38,-1.17,40.71,-14.04,-239.93
0.00,0.40,-1.24,39.00,0.92,-203.55
0.02,0.22,-1.14,46.14,12.76,-179.87
0.03,0.03,-0.90,14.71,11.41,-171.33
0.03,-0.08,-0.88,-26.55,4.27,-175.35
-0.02,-0.15,-0.88,-1.40,9.64,-197.02
-0.04,-0.11,-0.74,13.43,-0.73,-217.53
-0.03,0.16,-0.78,37.48,-20.69,-226.32
-0.04,0.42,-0.96,35.34,-32.71,-210.75
-0.02,0.43,-1.15,9.58,-31.86,-188.84
0.07,0.07,-1.19,-28.44,-21.12,-157.78
0.09,-0.17,-1.15,-17.76,-12.27,-164.98
0.09,-0.25,-1.03,-5.68,-8.48,-181.64
0.06,-0.18,-0.99,8.06,-10.44,-195.07
0.00,0.07,-0.96,14.10,-11.35,-196.53
-0.05,0.33,-0.95,-11.11,-17.46,-173.40
-0.02,0.30,-1.17,2.26,-4.27,-142.76
-0.01,0.20,-1.13,16.60,3.72,-137.70
0.01,0.14,-1.08,38.76,9.03,-140.26
0.02,0.20,-0.95,35.52,10.19,-136.84
0.03,0.24,-0.86,19.23,2.08,-125.12
0.05,0.13,-0.82,-14.34,-4.82,-116.88
0.08,0.07,-0.85,-46.57,-13.92,-118.16
0.06,0.19,-1.00,-12.82,-17.76,-118.47
0.04,0.25,-1.08,9.16,-10.56,-110.11
0.05,0.17,-1.05,11.41,-6.84,-104.25
0.05,0.12,-1.00,21.55,-6.16,-105.65
-0.02,0.13,-0.81,-18.43,-22.83,-109.07
-0.02,0.14,-0.93,-33.08,-32.53,-113.83
-0.01,0.16,-1.06,-15.81,-27.83,-117.13
-0.02,0.22,-1.17,19.53,-19.04,-120.97
-0.02,0.28,-1.20,36.19,-1.53,-113.16
0.00,0.20,-1.07,49.80,7.51,-102.72
-0.03,0.19,-0.96,58.96,5.80,-104.74
-0.05,0.21,-0.77,-4.33,-6.53,-98.14
-0.05,0.20,-0.85,-19.65,-14.77,-103.03
-0.05,0.20,-0.93,-21.30,-16.30,-103.03
-0.04,0.20,-1.03,-6.77,-14.40,-98.57
-0.03,0.24,-1.13,19.47,-6.23,-95.58
-0.01,0.21,-1.09,19.17,3.97,-88.75
-0.00,0.13,-1.02,4.09,6.53,-92.41
-0.04,0.14,-0.96,-15.99,3.97,-100.40
-0.06,0.19,-0.93,-32.84,-1.04,-104.43
-0.04,0.19,-1.04,-6.35,-3.23,-103.76
-0.01,0.21,-1.15,35.34,4.58,-93.38
0.01,0.18,-1.18,60.61,15.44,-82.46
0.03,0.14,-1.13,67.44,23.50,-74.22
0.01,0.17,-1.07,64.27,24.29,-74.71
-0.04,0.21,-0.95,24.17,20.39,-69.89
-0.06,0.16,-0.88,1.46,12.76,-69.52
-0.07,0.23,-0.93,24.29,-3.42,-76.29
-0.05,0.21,-1.03,46.94,-3.23,-76.05
-0.05,0.27,-1.08,53.65,1.10,-62.26
-0.01,0.19,-1.10,32.53,5.13,-41.56
0.02,0.07,-1.15,11.35,11.17,-38.09
0.02,0.08,-1.20,14.59,17.27,-43.64
-0.00,0.16,-1.16,21.61,23.19,-43.46
-0.03,0.21,-0.97,25.02,22.71,-42.24
-0.03,0.21,-0.77,29.79,12.15,-35.77
0.02,0.15,-0.76,33.57,-11.90,-22.77
0.04,0.08,-0.85,16.30,-19.47,-18.62
0.04,0.09,-1.01,4.39,-20.32,-15.56
-0.02,0.19,-1.19,10.80,-14.40,-11.78
-0.03,0.19,-1.22,20.51,-3.11,2.99
-0.02,0.12,-1.15,36.38,7.02,10.68
-0.03,0.13,-1.07,48.77,14.04,18.31
-0.06,0.18,-0.99,29.36,13.18,29.17
-0.04,0.22,-0.96,-37.78,-3.97,59.51
0.00,0.16,-1.00,-28.63,-8.18,66.47
0.02,0.14,-1.04,-8.30,-8.00,68.05
0.03,0.11,-1.05,-0.55,-5.49,66.96
0.05,0.12,-1.03,0.98,-4.70,70.74
0.06,0.14,-1.06,2.01,-4.70,86.12
0.05,0.15,-1.11,-11.47,-1.04,93.99
0.02,0.21,-1.12,-37.60,-1.16,99.49
-0.05,0.39,-1.14,-75.74,-4.27,111.94
-0.18,0.81,-1.24,-140.56,-9.89,211.43
-0.22,0.80,-1.26,-159.97,0.49,272.52
-0.25,0.72,-1.17,-188.05,7.57,318.79
-0.25,0.54,-1.02,-216.00,9.64,340.45
-0.22,0.35,-0.87,-229.00,0.55,330.14
-0.15,0.20,-0.86,-187.81,-14.22,290.71
-0.07,0.12,-0.86,-97.41,-22.34,238.83
-0.04,0.16,-0.80,-19.23,-33.94,199.58
-0.02,0.47,-0.98,80.93,-46.81,187.26
-0.07,0.58,-1.04,138.73,-44.74,197.33
-0.13,0.66,-1.03,173.89,-36.38,214.60
-0.16,0.72,-1.02,177.12,-29.97,250.73
-0.18,0.66,-0.99,152.59,-25.63,291.14
-0.23,0.38,-0.89,64.76,-21.00,330.08
-0.24,-0.04,-0.81,47.42,-28.56,328.06
-0.14,-0.08,-0.68,-23.80,-53.16,283.45
-0.17,-0.12,-0.75,-92.65,-69.09,270.39
-0.21,-0.24,-0.99,-126.71,-85.57,256.16
-0.20,-0.31,-1.37,-102.17,-82.76,243.29
-0.21,-0.26,-1.52,-50.84,-57.01,235.90
-0.20,-0.14,-1.45,7.51,-43.33,233.76
-0.18,-0.03,-1.46,91.86,-31.49,236.57
-0.08,0.02,-1.22,311.28,20.51,231.08
-0.04,-0.10,-0.98,363.40,45.78,236.51
-0.02,-0.20,-0.79,334.53,62.19,234.74
-0.08,-0.34,-0.72,263.85,73.36,220.09
-0.10,-0.44,-0.79,221.92,81.12,173.22
-0.05,-0.27,-0.83,179.38,92.96,152.16
-0.03,-0.12,-0.81,95.21,93.81,164.86
-0.07,-0.24,-0.80,-10.07,83.56,184.88
-0.09,-0.46,-0.82,-75.81,63.90,181.40
-0.07,-0.54,-0.82,-112.49,41.81,164.31
-0.01,-0.37,-1.00,-124.69,10.74,141.48
-0.01,-0.44,-0.95,-92.47,9.64,132.39
0.04,-0.41,-0.90,-41.26,2.01,117.80
0.09,-0.31,-0.87,-0.37,2.87,107.60
0.10,-0.25,-0.77,6.04,0.43,103.45
0.09,-0.21,-0.76,5.00,-7.26,100.71
0.09,-0.17,-0.80,3.97,-11.96,99.30
0.07,-0.17,-0.85,-39.67,-20.87,98.33
0.06,-0.16,-0.90,-68.85,-27.28,100.46
0.01,-0.23,-1.03,-98.39,-32.59,98.57
-0.04,-0.24,-1.18,-104.13,-29.17,94.36
-0.05,-0.18,-1.20,-89.23,-26.31,94.48
-0.04,-0.17,-1.20,-66.96,-21.73,95.46
-0.04,-0.20,-1.12,-41.69,-14.83,91.00
-0.08,-0.16,-1.07,-15.87,-13.12,86.24
0.03,-0.10,-0.90,-11.54,-0.37,83.86
-0.04,-0.18,-0.86,-55.18,-32.47,85.88
-0.06,-0.14,-0.90,-39.61,-36.99,83.56
-0.05,-0.11,-0.90,-31.98,-40.77,84.41
-0.08,-0.10,-0.93,-25.57,-43.82,83.86
-0.08,-0.05,-0.90,-6.71,-46.02,86.12
-0.06,-0.04,-0.87,-20.45,-51.88,91.43
-0.08,-0.10,-0.98,-46.14,-52.86,91.86
-0.14,-0.13,-1.23,-59.94,-39.61,83.25
-0.18,-0.13,-1.20,-64.45,-28.50,80.75
-0.22,-0.15,-1.11,-50.11,-26.06,80.51
-0.20,-0.11,-1.07,-20.39,-23.86,75.56
-0.17,-0.08,-0.98,0.49,-19.53,72.14
-0.13,-0.10,-0.86,-5.62,-20.45,67.87
-0.15,-0.05,-0.85,-37.96,-19.78,62.19
-0.12,-0.07,-0.83,-62.44,-37.78,61.89
-0.20,-0.07,-0.97,-54.32,-40.04,62.81
-0.23,-0.12,-1.06,-37.96,-41.26,58.47
-0.23,-0.06,-1.15,-11.41,-38.64,51.51
-0.19,0.06,-1.15,12.57,-31.49,49.32
-0.15,0.12,-1.08,15.01,-24.90,51.57
-0.13,0.12,-1.02,3.11,-19.47,52.67
-0.19,0.06,-0.99,-57.31,-19.59,58.65
-0.22,0.02,-1.05,-46.69,-20.75,58.41
-0.23,0.01,-1.05,-28.56,-19.96,57.19
-0.23,0.02,-1.03,-10.74,-21.24,53.89
-0.20,0.11,-1.03,4.15,-18.98,50.78
-0.19,0.12,-1.02,12.88,-16.54,53.04
-0.20,0.11,-1.05,19.65,-11.47,50.35
-0.21,0.13,-1.04,24.90,-6.65,53.10
-0.29,-0.04,-1.01,15.87,0.61,53.53
-0.32,-0.15,-0.94,29.91,-3.91,47.73
-0.30,-0.17,-0.96,50.84,-12.70,36.50
-0.23,-0.06,-1.01,57.50,-12.08,28.63
-0.14,0.04,-0.96,38.33,4.88,33.69
-0.12,0.02,-0.95,25.09,-6.23,33.75
-0.16,-0.04,-1.01,12.21,-7.87,31.92
-0.21,-0.09,-1.03,10.93,-1.40,24.96
-0.23,-0.12,-0.96,19.71,-0.85,23.99
-0.22,-0.18,-0.93,30.09,-5.37,17.76
-0.20,-0.19,-0.95,33.20,-6.04,10.13
-0.19,-0.12,-0.96,24.17,-5.98,7.20
-0.21,-0.12,-0.96,14.47,-4.27,9.46
-0.29,-0.29,-0.98,-0.85,-5.43,1.22
-0.30,-0.30,-1.01,6.04,-4.94,-6.35
-0.29,-0.26,-1.02,9.52,-4.21,-13.00
-0.26,-0.21,-1.06,10.62,0.37,-17.27
-0.26,-0.20,-1.05,4.33,6.65,-19.59
-0.28,-0.26,-1.04,-2.01,10.99,-24.90
-0.32,-0.32,-1.05,-1.83,14.71,-33.63
-0.34,-0.38,-1.05,-1.16,18.55,-42.72
-0.34,-0.42,-1.02,0.73,22.46,-53.34
-0.32,-0.41,-0.99,2.38,25.63,-65.00
-0.29,-0.39,-0.96,5.55,32.47,-82.09
-0.28,-0.44,-0.95,6.90,34.79,-93.14
-0.25,-0.51,-0.97,10.19,38.70,-109.25
-0.23,-0.66,-0.99,12.76,45.72,-132.75
-0.25,-0.82,-1.03,12.88,53.10,-171.81
-0.38,-0.77,-1.04,19.41,60.97,-218.08
-0.49,-0.74,-0.87,16.78,47.18,-257.14
-0.47,-0.34,-1.02,-15.01,35.34,-292.54
-0.39,-0.28,-0.89,-38.76,41.26,-287.11
-0.32,-0.18,-0.85,-46.20,36.93,-289.31
-0.30,-0.06,-0.92,-34.12,44.25,-291.50
-0.32,0.07,-0.95,-38.09,48.34,-291.02
-0.26,0.26,-1.01,-47.61,50.78,-279.24
-0.19,0.33,-1.05,-74.52,56.76,-258.67
-0.14,0.20,-1.07,-93.93,62.38,-240.17
-0.18,0.05,-0.90,-8.48,61.10,-253.48
-0.21,0.04,-0.94,19.29,50.54,-252.01
-0.24,-0.03,-0.98,47.91,40.77,-259.95
-0.26,0.05,-0.92,55.30,27.16,-265.87
-0.25,0.12,-0.85,13.31,15.63,-253.30
-0.23,0.03,-0.88,-16.85,10.74,-244.87
-0.18,0.02,-1.04,-26.55,11.05,-245.06
-0.14,0.12,-1.09,5.25,26.06,-233.09
-0.11,0.09,-1.08,16.54,25.15,-217.10
-0.12,0.01,-1.01,12.57,27.65,-204.22
-0.16,-0.04,-0.84,-18.25,22.71,-198.12
-0.17,-0.14,-0.80,-49.80,16.66,-198.67
-0.18,-0.22,-0.84,-44.19,11.66,-217.16
-0.20,-0.06,-0.97,-28.26,7.93,-240.84
-0.18,0.39,-1.15,-6.77,12.70,-232.85
-0.13,0.43,-1.13,-1.22,18.37,-211.00
-0.08,0.32,-1.07,-12.76,21.06,-185.42
-0.05,0.04,-0.96,-38.82,22.03,-177.00
-0.03,-0.18,-0.84,-53.59,15.26,-189.39
-0.05,-0.07,-0.78,-57.80,2.38,-205.08
-0.08,0.11,-0.80,-73.91,-7.26,-198.91
-0.09,0.22,-0.90,-69.15,-10.93,-188.60
-0.11,0.39,-0.99,-26.37,-10.13,-169.19
-0.15,0.43,-1.12,6.77,-3.48,-125.73
-0.12,0.26,-1.06,4.39,1.53,-115.91
-0.09,0.20,-1.06,8.73,-1.10,-121.52
-0.08,0.27,-1.09,7.20,0.98,-123.17
-0.08,0.25,-1.10,-1.71,3.23,-120.48
-0.07,0.21,-1.07,6.84,8.18,-126.83
-0.09,0.24,-0.94,9.22,6.65,-126.16
-0.09,0.21,-0.85,2.32,-4.21,-120.30
-0.08,0.12,-1.06,49.80,-22.83,-137.27
-0.11,0.31,-1.19,58.23,-10.62,-115.84
-0.10,0.20,-1.15,70.56,-1.28,-100.77
-0.09,0.08,-1.08,65.25,2.99,-103.88
-0.11,0.13,-1.00,52.67,2.69,-108.40
-0.14,0.21,-0.90,21.85,-3.48,-102.23
-0.15,0.23,-0.87,-8.48,-11.23,-96.19
-0.11,0.16,-0.98,-11.23,-15.44,-89.72
-0.09,0.05,-1.01,-4.39,-20.08,-96.01
-0.06,0.03,-1.10,-1.22,-19.35,-103.76
-0.05,0.05,-1.19,4.58,-16.11,-106.69
-0.06,0.12,-1.25,17.33,-5.49,-101.81
-0.07,0.18,-1.23,30.03,8.73,-88.07
-0.12,0.23,-0.92,25.27,23.50,-63.96
-0.14,0.22,-0.76,-4.64,13.12,-48.77
-0.11,0.08,-0.77,-17.58,0.67,-49.56
-0.09,0.01,-0.84,-23.56,-6.90,-61.58
-0.07,-0.01,-0.98,-24.96,-8.48,-68.36
-0.06,0.05,-1.14,-19.96,-2.50,-77.33
-0.08,0.18,-1.25,-3.48,9.28,-76.78
-0.09,0.26,-1.18,9.46,16.66,-64.03
-0.09,0.26,-1.03,11.96,17.21,-47.18
-0.12,0.27,-0.77,4.70,5.80,-20.57
-0.10,0.20,-0.76,2.38,-6.29,-12.63
-0.09,0.13,-0.82,1.22,-14.47,-10.80
-0.05,0.07,-0.91,7.87,-16.05,-9.64
-0.04,0.06,-1.00,12.76,-8.54,-11.41
-0.05,0.08,-1.01,3.30,-5.86,-12.63
-0.02,0.03,-1.03,2.69,-5.25,-16.17
-0.03,0.05,-1.05,11.72,-4.03,-30.52
-0.08,0.23,-1.06,23.19,3.23,-28.20
-0.09,0.25,-1.01,28.20,7.32,-16.85
-0.11,0.29,-0.97,24.84,6.71,-0.79
-0.11,0.23,-0.93,6.10,2.20,17.70
-0.08,0.08,-0.94,-8.67,-7.81,20.69
-0.04,-0.00,-1.02,-17.76,-14.34,13.79
-0.03,0.04,-1.11,-12.33,-15.26,7.93
-0.04,0.15,-1.21,0.92,1.53,15.93
-0.03,0.11,-1.16,0.92,7.69,18.19
-0.04,0.12,-1.10,-0.73,9.46,17.94
-0.05,0.15,-1.05,-2.32,8.42,21.12
-0.05,0.17,-1.02,-2.38,3.54,31.01
-0.05,0.16,-1.04,-6.41,1.22,40.47
-0.06,0.15,-1.01,-18.07,-3.48,45.90
-0.07,0.14,-1.01,-31.74,-11.35,51.45
-0.10,0.33,-1.10,-34.12,-10.68,61.40
-0.12,0.39,-1.09,-36.50,-8.00,81.24
-0.13,0.42,-1.10,-42.24,-5.74,93.26
-0.19,0.59,-1.09,-41.38,-3.54,106.57
-0.27,0.72,-1.01,-38.27,-5.49,133.48
-0.30,0.65,-0.96,-45.90,-10.62,164.67
-0.26,0.48,-1.04,-42.66,-10.07,188.35
-0.29,0.62,-1.05,-50.23,2.26,241.27
-0.28,0.58,-1.08,-59.69,3.72,283.45
-0.23,0.30,-1.07,-50.54,5.49,304.20
-0.24,0.21,-0.96,-30.40,2.69,289.73
-0.30,0.43,-0.82,-28.63,-9.46,289.31
-0.34,0.48,-0.70,-35.22,-27.95,303.28
-0.33,0.38,-0.63,-25.94,-49.13,301.09
-0.31,0.32,-0.63,-21.97,-75.13,296.02
-0.27,0.28,-0.63,-17.21,-109.01,284.00
-0.25,0.31,-0.70,-25.33,-130.92,283.39
-0.24,0.19,-0.91,-24.90,-133.79,280.52
-0.25,0.00,-1.07,-34.48,-125.37,269.47
-0.27,-0.09,-1.20,-43.33,-114.38,253.30
-0.27,-0.00,-1.34,-32.17,-99.00,237.12
-0.26,0.15,-1.48,3.11,-70.68,241.27
-0.28,-0.04,-1.42,179.26,-7.63,235.53
-0.31,-0.08,-1.26,235.05,17.70,223.02
-0.26,-0.16,-1.07,243.84,37.72,212.10
-0.20,-0.11,-0.92,225.95,46.33,201.42
-0.16,-0.01,-0.83,188.90,47.85,203.98
-0.12,-0.00,-0.77,156.07,45.04,207.03
-0.09,0.06,-0.74,114.20,36.87,207.09
-0.10,0.08,-0.77,73.06,25.15,212.77
-0.18,-0.30,-0.81,0.67,3.11,183.90
-0.17,-0.20,-0.86,-26.73,-12.88,168.58
-0.12,-0.14,-1.01,-39.06,-22.89,168.46
-0.09,-0.28,-1.07,-32.23,-25.15,157.23
-0.10,-0.33,-1.02,1.53,-27.77,134.89
-0.10,-0.22,-0.96,30.27,-30.70,120.18
-0.04,-0.05,-1.05,29.85,-28.08,118.23
-0.02,0.01,-1.18,67.38,-13.43,120.24
-0.06,-0.14,-1.06,89.90,10.80,117.68
-0.06,-0.18,-0.95,76.72,12.94,114.20
-0.06,-0.14,-0.86,49.26,7.75,114.44
-0.06,-0.10,-0.81,33.94,0.43,120.91
-0.06,-0.15,-0.79,11.78,-12.33,117.31
-0.08,-0.17,-0.85,-8.12,-19.23,104.49
-0.11,-0.22,-0.92,-13.43,-21.67,103.21
-0.12,-0.30,-0.97,-17.76,-25.94,94.06
-0.09,-0.16,-1.04,28.08,-27.71,97.90
-0.03,-0.15,-1.03,10.07,-25.39,91.43
-0.06,-0.11,-1.06,-12.70,-17.76,87.71
-0.09,-0.10,-1.04,-25.02,-9.09,85.27
-0.11,-0.13,-0.98,-35.89,-6.65,83.92
-0.14,-0.18,-0.95,-35.22,-8.61,81.24
-0.17,-0.21,-0.91,-19.96,-12.94,79.59
-0.15,-0.21,-0.88,-7.63,-20.94,76.35
-0.12,-0.05,-0.96,-15.50,-21.79,74.40
-0.10,-0.05,-1.01,-6.29,-20.75,76.23
-0.14,-0.08,-1.05,-3.48,-13.61,73.55
-0.19,-0.12,-1.01,14.40,-13.67,74.65
-0.16,-0.11,-1.04,34.67,-14.83,71.47
-0.11,-0.06,-1.04,26.79,-11.54,68.66
-0.11,-0.04,-1.06,-6.35,-10.44,67.57
-0.12,-0.02,-1.10,-27.47,-4.27,66.96
-0.15,0.01,-1.09,-45.35,0.79,68.30
-0.18,-0.01,-1.05,-46.14,4.09,72.14
-0.20,-0.05,-0.95,-10.25,-9.28,69.58
-0.12,0.05,-0.96,-8.91,-11.11,69.09
-0.10,0.06,-0.99,-37.41,-9.09,70.43
-0.16,0.03,-1.04,-35.22,-5.74,71.04
-0.18,0.04,-1.05,-29.24,-4.33,71.23
-0.19,0.02,-1.05,-10.13,-2.81,73.49
-0.21,-0.00,-1.05,21.36,-3.42,69.64
-0.21,-0.02,-1.05,55.60,-4.03,67.38
-0.16,-0.02,-1.00,68.54,-3.36,61.10
-0.13,-0.00,-0.97,63.60,-1.95,57.25
-0.19,-0.10,-0.94,39.18,-0.18,56.88
-0.20,-0.19,-0.89,37.29,-2.56,54.44
-0.21,-0.26,-0.86,45.84,-8.79,49.74
-0.21,-0.29,-0.92,46.81,-12.15,43.88
-0.20,-0.33,-0.99,51.09,-9.52,38.02
-0.18,-0.32,-1.01,52.43,-5.86,31.62
-0.14,-0.28,-0.97,43.03,-1.34,27.47
-0.20,-0.24,-0.97,23.13,1.46,24.23
-0.22,-0.25,-0.95,5.98,3.48,23.19
-0.24,-0.34,-0.94,7.39,1.53,21.06
-0.24,-0.39,-0.94,12.39,-0.79,15.20
-0.22,-0.36,-0.96,13.31,-1.28,9.77
-0.20,-0.33,-0.96,14.40,-0.49,7.57
-0.20,-0.34,-0.98,2.50,0.73,4.52
-0.22,-0.36,-1.05,-5.25,3.42,-1.04
-0.24,-0.31,-1.06,1.65,6.29,-4.70
-0.23,-0.27,-0.94,10.93,3.60,-7.14
-0.20,-0.27,-0.92,15.69,-0.79,-7.69
-0.18,-0.29,-0.95,13.92,-1.28,-10.44
-0.17,-0.29,-0.98,14.71,-0.67,-12.70
-0.15,-0.27,-0.98,12.94,2.01,-13.85
-0.15,-0.32,-0.96,2.75,5.07,-15.20
-0.21,-0.49,-0.98,-12.08,9.95,-29.42
-0.23,-0.53,-1.00,-15.14,13.92,-41.02
-0.25,-0.57,-0.97,-16.05,17.46,-52.31
-0.27,-0.62,-0.93,-16.05,18.62,-66.28
-0.27,-0.61,-0.91,-16.42,19.47,-81.05
-0.26,-0.58,-0.89,-21.97,19.53,-93.08
-0.25,-0.55,-0.89,-31.25,20.14,-105.83
-0.21,-0.48,-0.94,-39.37,21.30,-124.51
-0.25,-0.45,-0.98,-43.58,12.57,-146.85
-0.28,-0.35,-0.98,-40.22,18.49,-149.23
-0.26,-0.35,-0.90,-35.77,19.10,-151.43
-0.24,-0.47,-0.91,-38.51,16.54,-168.58
-0.24,-0.55,-0.93,-43.33,18.62,-190.55
-0.25,-0.59,-0.94,-52.61,23.68,-217.83
-0.25,-0.40,-1.12,-69.40,42.36,-278.08
-0.24,-0.20,-1.16,-74.58,53.28,-291.02
-0.25,-0.03,-1.07,-72.27,61.83,-294.74
-0.27,0.21,-0.98,-67.38,59.33,-287.48
-0.26,0.50,-0.94,-76.11,56.76,-250.79
-0.19,0.56,-0.89,-71.11,50.29,-203.67
-0.12,0.44,-0.85,-80.02,43.15,-172.55
-0.09,0.25,-0.80,-76.05,36.44,-153.56
-0.09,0.01,-0.84,-64.51,30.40,-147.71
-0.10,-0.21,-1.08,-10.07,40.41,-181.64
-0.14,-0.19,-1.06,20.02,42.24,-205.57
-0.14,-0.01,-1.11,46.39,40.83,-227.66
-0.14,0.27,-1.07,42.11,44.74,-232.30
-0.14,0.33,-0.90,2.69,42.36,-218.63
-0.12,0.17,-0.84,-39.67,34.85,-210.82
-0.13,0.05,-0.85,-71.78,32.10,-214.78
-0.17,0.06,-0.79,-66.10,28.56,-220.76
-0.14,0.27,-0.97,-10.13,6.65,-206.67
-0.12,0.20,-1.13,6.10,10.19,-210.63
-0.12,0.13,-1.11,13.31,16.48,-217.65
-0.15,0.04,-1.02,4.03,15.99,-227.78
-0.15,0.05,-1.06,-4.52,14.34,-243.59
-0.15,0.10,-1.12,-15.20,21.79,-250.85
-0.15,0.04,-1.10,-22.22,30.27,-261.41
-0.19,0.07,-1.00,-28.50,37.23,-274.17
-0.22,0.24,-0.83,-44.98,29.97,-270.81
-0.22,0.36,-0.74,-67.32,15.69,-252.69
-0.18,0.49,-0.79,-98.75,-2.87,-213.87
-0.17,0.60,-0.93,-64.94,-5.07,-190.12
-0.14,0.61,-1.10,-29.42,-3.60,-165.47
-0.13,0.52,-1.20,3.30,9.46,-150.33
-0.10,0.44,-1.16,22.46,17.09,-137.27
-0.07,0.37,-1.18,17.58,22.58,-128.66
-0.05,0.31,-1.19,18.01,30.76,-123.29
-0.03,0.19,-1.14,6.23,32.04,-119.32
-0.06,0.37,-1.07,29.97,46.81,-124.51
-0.07,0.28,-0.91,34.42,43.46,-107.67
-0.04,0.09,-0.85,40.34,36.56,-119.20
-0.07,0.20,-0.81,50.72,27.47,-129.09
-0.08,0.30,-0.82,42.54,14.10,-123.54
-0.06,0.28,-0.97,29.72,6.41,-118.90
-0.04,0.28,-1.13,46.45,8.30,-114.81
-0.04,0.29,-1.21,56.03,16.11,-101.75
-0.02,0.22,-1.28,83.13,27.22,-91.86
-0.03,0.10,-0.98,115.23,40.53,-89.90
-0.09,0.22,-0.75,68.30,28.20,-92.10
-0.10,0.22,-0.59,10.56,8.18,-77.15
-0.06,0.07,-0.59,-17.88,-15.93,-79.83
-0.05,0.10,-0.76,-22.52,-33.08,-87.10
-0.04,0.14,-0.99,-5.49,-36.56,-79.53
-0.02,0.11,-1.19,31.56,-26.18,-78.92
-0.06,0.19,-1.15,45.47,-0.06,-66.41
-0.07,0.15,-1.08,20.45,5.19,-59.94
-0.07,0.12,-0.95,1.59,7.39,-61.40
-0.07,0.08,-0.81,-17.70,-1.89,-61.46
-0.05,0.09,-0.88,9.16,-10.13,-68.24
-0.04,0.14,-0.97,30.09,-6.23,-62.62
-0.02,0.09,-1.00,42.72,-5.13,-58.47
-0.01,0.07,-1.01,46.14,-2.75,-57.37
-0.07,0.11,-0.85,-9.89,-21.67,-49.62
-0.04,0.03,-0.97,-16.91,-28.87,-55.91
-0.03,0.08,-1.12,-8.18,-26.12,-64.39
-0.06,0.14,-1.18,-5.31,-14.77,-65.43
-0.08,0.17,-1.16,-6.23,-4.21,-64.64
-0.07,0.16,-1.13,-7.93,4.09,-55.36
-0.10,0.24,-1.03,8.42,9.77,-47.49
-0.14,0.24,-0.81,-13.79,-2.32,-6.71
-0.08,0.09,-0.90,-12.15,-7.75,-7.02
-0.05,0.07,-1.01,0.55,-11.23,-10.86
-0.06,0.14,-1.14,13.73,-7.08,-15.01
-0.06,0.20,-1.17,3.72,-0.79,-13.98
-0.07,0.22,-1.13,-15.56,1.89,-11.60
-0.08,0.08,-0.95,-49.87,-0.43,-3.60
-0.08,0.12,-0.95,-41.02,-3.48,-7.39
-0.09,0.20,-1.02,-19.90,-2.08,5.92
-0.07,0.15,-1.05,-5.80,2.99,13.55
-0.05,0.11,-1.04,3.30,4.64,16.11
-0.04,0.11,-1.03,13.79,3.85,14.40
-0.04,0.12,-1.02,16.17,1.77,12.76
-0.04,0.15,-1.04,13.18,0.37,11.84
-0.06,0.21,-1.04,1.28,-0.61,16.11
-0.06,0.25,-1.14,-7.69,4.27,33.33
-0.07,0.20,-1.08,-8.36,9.64,38.57
-0.11,0.27,-0.96,-14.83,8.18,43.76
-0.14,0.33,-0.91,-23.93,1.46,57.13
-0.14,0.35,-0.92,-26.00,-6.23,65.92
-0.19,0.53,-0.94,-23.25,-13.31,80.99
-0.24,0.68,-0.98,-21.12,-20.08,114.62
-0.28,0.64,-1.10,-9.28,-20.32,171.63
-0.31,0.65,-1.15,-9.46,-15.20,205.87
-0.31,0.61,-1.17,-10.38,-4.88,234.99
-0.34,0.68,-1.11,-13.79,5.19,265.01
-0.37,0.73,-1.06,-22.34,6.10,304.63
-0.39,0.62,-0.98,-21.36,9.16,347.96
-0.39,0.46,-0.90,-5.49,4.39,374.88
-0.33,0.32,-0.68,-19.65,-22.95,384.58
-0.33,0.30,-0.67,-69.21,-41.99,369.93
-0.33,0.33,-0.69,-115.54,-61.28,360.17
-0.31,0.20,-0.78,-135.13,-79.41,349.61
-0.31,0.06,-0.88,-145.26,-87.10,328.43
-0.33,0.13,-0.96,-149.66,-96.62,310.24
-0.34,0.25,-1.17,-135.01,-103.15,309.88
-0.34,0.14,-1.40,-88.50,-93.87,309.94
-0.30,-0.19,-1.58,76.60,-41.38,262.88
-0.21,-0.12,-1.52,176.15,-12.51,232.06
-0.15,0.06,-1.35,274.72,10.07,210.14
-0.10,0.15,-1.03,293.64,26.49,206.54
-0.08,0.15,-0.77,219.97,31.56,219.48
-0.06,0.06,-0.70,166.99,27.71,226.56
-0.06,-0.19,-0.75,61.34,12.39,213.87
-0.09,-0.29,-0.82,30.40,9.34,190.92
-0.12,-0.25,-0.85,11.66,2.99,166.56
-0.12,-0.20,-0.93,0.43,-6.96,151.06
-0.07,-0.22,-1.06,-3.78,-12.45,141.17
-0.04,-0.23,-1.12,-2.62,-13.12,125.79
-0.04,-0.15,-1.08,-4.33,-13.31,112.92
-0.02,-0.05,-1.02,-11.84,-13.31,108.95
-0.01,0.06,-0.99,-25.21,-12.27,111.21
0.01,0.15,-0.92,-7.32,-8.79,131.96
0.02,0.07,-0.86,-22.34,-9.28,136.47
0.02,-0.03,-0.86,-34.79,-11.23,129.58
0.03,-0.01,-0.89,-34.85,-14.10,121.95
-0.02,-0.03,-0.91,-36.99,-17.15,121.58
-0.07,-0.16,-0.95,-30.15,-21.67,118.29
-0.06,-0.20,-1.02,-18.86,-27.71,93.57
0.01,-0.05,-1.08,-4.88,-22.77,88.20
0.05,0.08,-1.02,-11.90,-18.74,88.81
-0.01,0.14,-0.93,-35.58,-18.92,94.79
-0.06,0.08,-0.91,-33.26,-22.52,102.54
-0.10,-0.00,-0.89,-33.51,-24.11,104.98
-0.10,-0.03,-0.90,-12.82,-32.84,104.00
-0.05,-0.03,-0.94,4.46,-42.42,95.83
-0.04,0.01,-0.99,-10.86,-43.52,84.05
-0.04,0.02,-1.04,-8.42,-41.02,81.18
-0.05,-0.03,-1.09,-24.35,-35.77,75.93
-0.11,-0.05,-1.12,-22.77,-30.46,71.72
-0.13,-0.03,-1.12,-1.89,-29.54,71.47
-0.13,0.02,-1.15,13.73,-22.40,70.80
-0.07,0.06,-1.14,29.66,-15.75,71.41
-0.00,0.12,-1.10,21.67,-15.99,65.00
-0.02,0.17,-1.13,11.60,-8.48,68.60
-0.03,0.10,-1.09,8.00,4.39,72.39
-0.05,0.07,-1.05,9.70,7.81,72.02
-0.09,0.02,-1.00,30.52,8.73,69.40
-0.10,-0.03,-0.97,46.69,5.37,67.20
-0.07,-0.01,-0.99,51.27,5.00,64.03
-0.04,0.03,-0.97,41.38,4.76,65.86
-0.04,0.02,-0.99,18.98,4.46,67.87
-0.06,-0.02,-1.06,6.47,6.47,67.75
-0.09,-0.06,-1.05,5.55,9.70,67.32
-0.14,-0.09,-0.89,24.66,0.24,64.88
-0.14,-0.11,-0.91,42.30,-8.36,63.66
-0.10,-0.12,-0.99,61.46,-10.25,60.67
-0.04,-0.05,-1.03,62.56,-6.90,57.68
-0.01,-0.02,-1.05,51.70,3.97,61.77
-0.02,-0.01,-1.04,51.51,6.04,59.69
-0.05,-0.05,-1.00,51.94,10.07,60.55
-0.11,-0.15,-0.95,51.27,9.95,58.23
-0.13,-0.27,-0.88,64.51,0.00,50.29
-0.09,-0.24,-0.91,71.17,-5.49,45.90
-0.07,-0.22,-0.92,63.54,-6.59,46.26
-0.06,-0.26,-0.94,51.15,-2.99,48.83
-0.05,-0.28,-0.98,47.36,-3.42,43.33
-0.06,-0.28,-0.94,38.82,-3.30,38.02
-0.06,-0.30,-0.91,31.49,-4.94,35.03
-0.04,-0.34,-0.89,20.75,-7.14,27.40
-0.01,-0.32,-0.93,18.19,-9.52,25.45
0.01,-0.32,-0.99,15.75,-4.52,22.58
-0.03,-0.33,-0.98,8.91,1.22,20.39
-0.10,-0.32,-0.94,8.18,2.38,19.71
-0.14,-0.34,-0.90,3.78,0.37,19.35
-0.15,-0.41,-0.95,3.78,-6.29,16.91
-0.13,-0.41,-1.02,9.89,-10.80,3.85
-0.10,-0.34,-1.08,13.06,-6.41,-0.61
-0.07,-0.28,-1.10,15.69,0.37,-0.73
-0.05,-0.27,-1.07,11.35,7.87,-3.17
-0.07,-0.28,-0.99,2.69,11.66,-4.09
-0.08,-0.30,-0.92,2.44,9.46,-4.03
-0.09,-0.33,-0.87,8.36,4.46,-5.25
-0.09,-0.39,-0.84,11.11,-3.17,-7.69
-0.09,-0.47,-0.93,12.02,-11.41,-20.08
-0.08,-0.50,-0.99,8.97,-10.19,-27.47
-0.09,-0.56,-1.03,1.53,-4.64,-38.09
-0.11,-0.61,-1.06,-9.52,3.91,-51.76
-0.15,-0.62,-1.00,-16.05,11.96,-64.03
-0.16,-0.64,-0.92,-21.73,14.83,-75.01
-0.15,-0.67,-0.90,-31.37,17.03,-90.52
-0.16,-0.64,-0.91,-31.37,19.17,-105.90
-0.17,-0.60,-0.84,-26.61,19.53,-117.00
-0.15,-0.69,-0.84,-12.82,8.24,-145.02
-0.16,-0.65,-0.87,-10.38,0.00,-172.73
-0.16,-0.66,-0.88,-15.32,6.47,-191.16
-0.13,-0.75,-0.91,-19.47,10.93,-227.72
-0.18,-0.79,-0.93,-18.62,20.45,-273.32
-0.26,-0.82,-0.90,-10.62,25.82,-317.69
-0.27,-0.73,-0.95,18.19,24.66,-358.09
-0.23,-0.22,-1.14,64.64,18.37,-374.51
-0.26,-0.08,-1.03,54.81,11.29,-360.47
-0.30,0.02,-0.90,37.41,-4.52,-342.83
-0.31,0.13,-0.90,21.97,-14.77,-318.85
-0.29,0.26,-0.96,9.46,-18.01,-290.28
-0.16,0.30,-1.09,-6.41,-17.58,-258.06
-0.07,0.15,-1.19,10.62,-6.96,-243.29
-0.10,0.01,-1.12,11.29,0.85,-244.02
-0.04,-0.07,-0.95,-21.18,5.49,-231.20
-0.05,-0.06,-0.85,-52.55,3.11,-228.70
-0.04,-0.19,-0.70,-101.87,-3.54,-222.41
-0.06,-0.38,-0.72,-132.14,-16.11,-235.66
-0.12,-0.24,-0.84,-110.84,-20.45,-260.68
-0.11,0.13,-1.03,-57.13,-22.22,-257.69
-0.09,0.41,-1.05,1.34,-7.87,-214.42
-0.07,0.36,-0.89,-18.13,-8.48,-184.81
-0.04,0.13,-0.87,-28.63,-13.06,-166.14
-0.03,-0.11,-0.91,-23.38,-16.42,-174.01
-0.07,-0.10,-0.91,-27.16,-20.08,-194.89
-0.09,0.07,-1.00,-34.18,-22.52,-202.64
-0.08,0.20,-1.08,-17.15,-17.03,-204.16
-0.08,0.36,-1.07,-22.46,-18.86,-198.91
-0.06,0.26,-1.07,-76.42,-13.61,-175.54
-0.00,0.19,-1.09,-80.02,-11.29,-154.85
0.04,0.16,-1.17,-43.82,-2.44,-148.50
0.00,0.19,-1.16,-15.56,5.55,-145.69
-0.02,0.20,-1.15,10.31,7.87,-143.13
-0.02,0.19,-1.09,30.70,15.56,-144.65
-0.04,0.18,-0.99,38.45,13.18,-150.09
-0.07,0.18,-0.87,2.38,-0.92,-158.94
-0.06,0.21,-0.84,3.97,-7.93,-161.62
-0.08,0.18,-0.90,16.72,-19.35,-160.52
-0.07,0.11,-1.02,37.29,-20.08,-166.99
-0.08,0.14,-1.07,43.82,-19.41,-176.57
-0.09,0.20,-1.13,33.45,-17.46,-178.77
-0.09,0.23,-1.12,6.53,-14.59,-172.30
-0.08,0.23,-1.08,-15.87,-13.43,-155.76
-0.08,0.30,-1.15,0.00,-7.63,-139.16
-0.06,0.18,-0.97,28.87,4.27,-95.15
-0.06,0.06,-0.89,37.41,1.46,-95.76
-0.09,0.08,-0.86,23.32,-9.46,-105.35
-0.12,0.18,-1.02,4.09,-16.91,-109.01
-0.11,0.18,-1.17,9.70,-7.63,-108.15
-0.09,0.12,-1.24,20.81,0.49,-113.16
-0.09,0.15,-1.26,27.65,12.76,-116.46
-0.10,0.20,-1.13,35.22,19.17,-110.29
-0.10,0.12,-0.83,33.45,5.49,-100.95
-0.11,0.18,-0.81,7.26,-8.85,-94.12
-0.10,0.22,-0.94,-12.08,-17.15,-88.44
-0.11,0.26,-1.04,-20.69,-15.93,-78.31
-0.10,0.26,-1.11,-25.27,-13.06,-62.74
-0.09,0.22,-1.20,-7.45,-1.10,-50.11
-0.07,0.15,-1.16,3.72,7.26,-46.02
-0.07,0.10,-1.08,12.33,15.20,-48.52
-0.10,0.14,-0.96,6.71,16.24,-53.22
-0.11,0.27,-0.91,-5.37,2.44,-38.27
-0.11,0.31,-0.95,-5.37,-1.10,-26.67
-0.12,0.31,-0.99,-9.03,-0.98,-9.64
-0.11,0.26,-1.00,-7.51,1.10,3.17
-0.09,0.20,-1.02,-4.52,2.99,13.37
-0.05,0.13,-1.07,0.73,7.63,15.38
-0.04,0.10,-0.95,3.54,10.68,8.91
-0.03,0.06,-0.87,-2.20,2.62,3.05
-0.04,0.08,-0.85,-8.06,-7.08,-5.74
-0.06,0.17,-0.89,-9.70,-14.10,-7.69
-0.08,0.23,-0.98,-7.32,-16.54,-4.64
-0.07,0.24,-1.06,1.40,-12.51,5.31
-0.05,0.20,-1.10,13.49,-6.04,16.42
-0.03,0.16,-1.12,15.20,2.14,25.02
-0.03,0.15,-1.12,12.08,8.91,30.88
-0.08,0.24,-1.00,-1.40,16.72,46.94
-0.10,0.28,-0.94,-15.38,13.49,55.79
-0.11,0.34,-0.95,-17.52,9.64,73.43
-0.10,0.34,-1.00,-4.15,8.12,86.91
-0.10,0.40,-1.03,29.48,5.98,96.25
-0.13,0.49,-1.05,45.41,4.76,117.61
-0.15,0.51,-1.05,40.89,3.85,139.59
-0.18,0.54,-1.05,34.61,-1.65,167.91
-0.26,0.53,-1.03,-13.98,1.40,240.78
-0.24,0.43,-1.03,-32.35,2.26,268.55
-0.23,0.31,-0.98,-32.59,-1.46,289.92
-0.24,0.23,-0.91,-30.09,-5.19,300.60
-0.24,0.26,-0.86,-36.93,-10.13,299.87
-0.23,0.35,-0.87,-60.49,-17.27,311.58
-0.23,0.41,-0.93,-82.58,-27.95,326.05
-0.29,0.36,-1.14,-124.45,-46.14,362.61
-0.30,0.20,-1.20,-148.86,-45.17,362.79
-0.29,0.09,-1.27,-148.74,-39.12,358.46
-0.25,-0.08,-1.30,-99.30,-26.55,342.59
-0.19,-0.24,-1.21,-30.58,-12.27,301.57
-0.14,-0.18,-1.03,5.25,-9.64,261.29
-0.10,-0.00,-0.86,2.87,-13.61,241.58
-0.10,0.20,-0.76,-39.98,-28.50,237.00
-0.16,0.13,-1.02,-95.70,-47.49,244.26
-0.07,0.03,-1.04,-101.44,-49.80,233.15
-0.02,0.05,-1.10,-105.10,-58.59,219.54
0.00,0.12,-1.22,-16.36,-48.03,200.50
-0.00,0.07,-1.16,64.88,-33.87,180.05
-0.02,0.02,-1.04,90.27,-28.38,153.69
-0.03,0.19,-1.04,107.36,-21.61,139.34
-0.04,0.31,-1.09,125.00,-10.44,147.09
0.00,0.28,-1.06,151.86,-1.10,154.30
0.02,0.22,-0.95,207.70,12.76,184.02
0.02,0.17,-0.94,195.50,17.52,202.03
-0.01,0.14,-0.88,172.67,18.86,208.92
-0.03,0.11,-0.82,122.80,15.26,211.61
-0.02,0.03,-0.85,68.30,8.42,216.55
-0.04,-0.10,-0.93,29.11,0.79,211.36
-0.05,-0.28,-0.98,5.00,-2.01,192.57
-0.03,-0.37,-0.98,-8.61,-5.07,158.14
-0.02,-0.25,-1.02,-13.98,-9.89,138.49
0.04,-0.19,-1.06,8.06,-5.80,120.06
0.08,-0.15,-1.00,23.80,-1.95,115.78
0.15,-0.09,-0.93,14.77,-1.53,112.49
0.11,-0.09,-0.89,-6.90,-3.60,109.56
0.04,-0.12,-0.81,-2.50,-7.75,107.54
0.02,-0.12,-0.74,13.92,-21.61,109.86
-0.06,-0.17,-0.85,38.09,-40.28,108.58
-0.04,-0.25,-0.96,39.92,-34.79,102.78
0.00,-0.25,-1.12,45.47,-38.33,94.97
-0.03,-0.28,-1.18,44.74,-22.52,89.42
-0.07,-0.27,-1.10,26.43,-10.93,83.25
-0.10,-0.25,-1.02,22.09,-2.50,83.37
-0.12,-0.29,-0.87,24.72,-0.31,81.79
-0.12,-0.29,-0.76,39.18,-7.63,79.53
-0.11,-0.27,-0.78,42.18,-9.40,77.64
0.05,-0.23,-0.81,53.65,-25.76,76.60
0.09,-0.16,-0.97,41.14,-25.88,76.29
0.06,-0.15,-1.07,20.57,-22.52,73.73
0.06,-0.12,-1.16,11.23,-15.87,70.68
0.05,-0.16,-1.17,15.44,-10.25,70.86
0.03,-0.20,-1.12,16.42,-5.37,68.91
-0.01,-0.25,-1.09,12.02,-0.92,71.72
-0.04,-0.36,-1.04,23.32,-0.79,70.74
-0.07,-0.43,-1.04,22.16,-1.16,65.31
-0.10,-0.43,-1.03,16.60,-0.18,54.14
-0.10,-0.43,-1.05,9.77,0.67,47.00
-0.11,-0.40,-1.03,12.88,2.32,44.19
-0.10,-0.35,-0.97,17.70,1.65,40.71
-0.10,-0.38,-0.94,20.26,-0.06,40.83
-0.11,-0.40,-0.93,23.74,-0.79,33.75
-0.12,-0.32,-0.95,24.11,6.23,31.62
-0.12,-0.37,-0.91,22.89,7.45,33.33
-0.10,-0.44,-0.88,20.75,-4.39,25.45
-0.08,-0.43,-0.84,22.83,3.42,25.82
-0.03,-0.47,-0.80,18.74,-8.42,16.97
-0.04,-0.40,-0.87,12.57,-6.53,15.32
-0.04,-0.41,-0.88,8.73,-1.89,14.77
-0.05,-0.39,-0.85,0.49,-0.79,13.00
-0.05,-0.38,-0.85,-7.57,-2.01,12.76
-0.09,-0.35,-0.91,-10.56,-2.20,12.63
0.04,-0.33,-0.88,1.53,-10.80,13.43
0.03,-0.30,-0.95,0.43,-11.66,13.12
0.04,-0.34,-1.02,-2.44,-10.93,9.52
0.03,-0.39,-1.06,1.34,-6.59,4.39
0.03,-0.41,-1.05,-3.78,-2.62,-3.48
0.01,-0.41,-1.06,-28.56,3.85,-8.61
-0.06,-0.40,-1.03,-40.10,10.01,-9.95
-0.11,-0.41,-0.96,-42.18,11.35,-10.56
-0.14,-0.44,-0.92,-40.71,8.79,-15.75
-0.17,-0.51,-0.95,-29.42,2.87,-30.09
-0.17,-0.59,-0.99,-28.50,3.42,-40.83
-0.16,-0.68,-1.04,-27.83,7.93,-57.62
-0.13,-0.71,-1.06,-29.66,15.20,-78.37
-0.11,-0.72,-1.04,-26.12,23.19,-103.45
-0.09,-0.67,-1.03,-23.38,28.56,-131.53
-0.07,-0.51,-1.07,-14.04,35.34,-153.02
-0.11,-0.41,-0.94,8.42,20.32,-211.73
-0.23,-0.20,-0.87,-7.75,32.29,-200.01
-0.20,-0.28,-0.64,-22.95,25.27,-187.68
-0.10,-0.42,-0.67,-34.85,13.06,-187.44
-0.04,-0.52,-0.79,-22.09,13.00,-205.20
-0.07,-0.57,-0.84,-13.98,13.18,-229.43
-0.08,-0.58,-0.93,-5.86,13.37,-254.88
-0.07,-0.12,-1.08,-7.39,10.07,-279.17
-0.03,0.14,-1.15,-20.69,13.00,-267.09
0.03,0.22,-1.08,-42.48,18.31,-246.64
0.05,0.23,-0.98,-70.80,15.87,-229.86
0.01,0.20,-0.98,-84.29,14.59,-213.99
-0.03,0.12,-0.95,-74.40,15.32,-202.70
-0.03,0.08,-0.84,-71.17,10.07,-192.02
-0.03,-0.02,-0.85,-91.55,3.78,-177.19
-0.00,-0.25,-1.01,-85.33,7.26,-181.82
0.02,-0.32,-1.06,-10.99,33.87,-238.83
-0.02,-0.35,-0.95,6.16,34.97,-259.77
-0.03,-0.31,-0.98,23.62,26.61,-303.28
-0.06,-0.13,-1.04,18.92,30.82,-316.04
-0.11,-0.16,-0.95,-0.49,30.76,-319.76
-0.14,-0.18,-0.87,-17.33,24.05,-335.02
-0.16,-0.11,-0.82,-9.95,15.44,-350.34
-0.14,-0.07,-0.80,-8.42,4.15,-357.12
-0.12,-0.06,-0.81,-5.80,-6.77,-370.24
-0.22,0.42,-0.96,-33.26,-24.23,-368.16
-0.18,0.66,-1.15,-6.65,-23.19,-331.60
-0.13,0.74,-1.22,1.16,-14.95,-278.50
-0.07,0.69,-1.26,0.37,-1.10,-219.97
-0.01,0.61,-1.28,42.11,13.79,-164.31
0.02,0.39,-1.16,73.12,18.19,-131.35
0.05,0.05,-1.02,42.85,21.12,-134.58
0.06,0.06,-0.96,22.46,13.98,-148.62
0.04,0.12,-0.97,-5.07,11.66,-162.29
-0.03,0.23,-0.93,-33.63,9.46,-166.99
-0.05,0.19,-0.87,-63.96,1.53,-162.48
-0.04,0.23,-0.96,-57.68,-7.02,-166.81
-0.06,0.41,-1.10,-20.94,-7.81,-157.47
-0.05,0.45,-1.14,-13.61,0.24,-137.94
0.01,0.32,-1.11,-13.49,10.01,-115.54
0.07,0.26,-1.11,57.74,31.92,-93.57
0.03,0.29,-0.98,59.75,38.15,-84.66
0.01,0.26,-0.82,44.80,32.23,-76.48
-0.00,0.17,-0.67,20.20,21.06,-76.23
-0.02,0.16,-0.67,15.87,0.61,-80.93
-0.03,0.22,-0.79,16.85,-8.30,-83.07
-0.03,0.24,-0.90,24.66,-14.65,-88.99
0.05,0.16,-1.08,26.31,-12.76,-100.22
0.06,0.18,-1.13,12.21,-9.95,-96.31
0.07,0.14,-1.15,6.84,-2.01,-90.76
0.05,0.16,-1.14,15.26,3.60,-88.13
0.01,0.26,-1.05,10.07,8.42,-79.22
-0.02,0.30,-0.92,0.92,2.62,-63.48
-0.03,0.26,-0.83,-14.77,-3.11,-51.51
-0.02,0.19,-0.85,-32.53,-18.31,-45.72
-0.04,0.26,-0.96,-26.06,-21.61,-48.95
-0.05,0.30,-1.11,-19.90,-15.01,-46.39
-0.04,0.29,-1.19,2.32,-4.70,-50.78
-0.05,0.32,-1.15,8.79,1.77,-51.09
-0.08,0.35,-1.08,-1.95,3.30,-43.15
-0.07,0.33,-1.07,-1.16,3.30,-22.95
-0.07,0.33,-1.07,5.00,3.60,-16.60
-0.07,0.37,-1.07,17.40,5.98,-9.40
-0.06,0.34,-1.03,17.52,9.09,1.22
-0.05,0.28,-0.93,17.64,9.03,7.39
-0.05,0.27,-0.84,11.11,2.20,12.88
-0.03,0.25,-0.84,2.32,-4.46,18.68
0.01,0.17,-0.89,-1.28,-9.52,19.53
0.05,0.13,-0.98,2.38,-11.66,15.01
0.05,0.21,-1.08,13.43,-9.83,11.47
0.02,0.28,-1.05,29.72,6.41,27.53
-0.03,0.32,-0.94,25.33,6.29,36.01
-0.05,0.33,-0.90,14.89,2.81,44.68
-0.07,0.37,-0.90,4.03,-1.46,50.90
-0.10,0.51,-0.92,-0.12,-6.53,68.73
-0.15,0.66,-0.97,-9.64,-9.58,102.29
-0.18,0.72,-0.99,-35.40,-11.11,147.71
-0.15,0.56,-1.00,-86.30,-14.65,215.94
-0.18,0.59,-0.96,-100.52,-18.31,238.95
-0.20,0.60,-0.89,-107.97,-25.70,254.39
-0.22,0.66,-0.86,-96.74,-36.87,271.79
-0.26,0.70,-0.86,-82.28,-45.04,290.28
-0.30,0.74,-0.83,-63.11,-53.04,303.71
-0.33,0.65,-0.83,-34.91,-75.74,327.94
-0.36,0.60,-0.86,-30.15,-88.81,346.68
-0.37,0.50,-0.95,-22.52,-100.95,368.16
-0.37,0.32,-1.11,-19.23,-100.16,380.13
-0.35,0.13,-1.16,-0.92,-94.91,380.19
-0.26,0.03,-1.23,7.26,-91.00,370.12
-0.17,0.04,-1.33,-28.02,-80.75,359.80
-0.18,0.03,-1.40,-47.97,-74.46,348.69
-0.23,-0.01,-1.47,-37.72,-56.09,322.57
-0.20,-0.03,-1.34,-8.54,-21.91,295.47
-0.14,-0.17,-1.27,38.21,-3.97,268.49
-0.13,-0.19,-1.09,77.15,8.97,231.93
-0.09,-0.13,-0.87,102.54,10.99,214.42
-0.01,-0.13,-0.74,100.46,7.45,198.30
0.01,-0.13,-0.71,97.17,3.30,179.02
0.02,-0.13,-0.71,85.88,2.81,161.68
0.04,0.05,-0.88,62.99,1.04,139.83
0.04,0.10,-0.97,61.83,2.50,144.17
0.06,0.03,-0.98,62.99,4.15,142.03
0.06,0.11,-0.97,66.53,3.23,139.16
0.03,0.14,-0.97,56.95,2.75,148.99
0.02,-0.01,-1.00,57.74,1.83,153.02
0.02,-0.21,-0.99,67.99,4.33,142.21
0.03,-0.22,-0.92,70.07,3.85,124.82
0.05,-0.04,-0.92,64.39,1.10,120.97
0.07,0.07,-0.95,59.57,-0.49,130.86
0.04,-0.04,-0.89,40.65,-3.30,154.11
0.06,-0.18,-0.82,30.40,-7.87,150.39
0.08,-0.26,-0.78,20.75,-17.09,140.08
0.08,-0.30,-0.85,23.74,-24.29,126.53
0.07,-0.25,-0.95,42.11,-23.32,108.40
0.04,-0.17,-0.96,79.59,-22.22,102.54
0.05,-0.15,-0.91,100.46,-25.09,102.54
0.06,-0.15,-0.91,86.61,-28.50,101.01
0.05,-0.31,-1.06,49.26,-22.71,102.36
0.02,-0.34,-1.11,24.72,-18.25,100.52
0.00,-0.33,-1.14,21.73,-12.02,103.82
-0.01,-0.29,-1.10,23.86,-9.89,103.70
0.01,-0.27,-1.06,23.01,-9.95,101.68
0.06,-0.27,-1.03,29.36,-7.87,100.95
0.03,-0.23,-0.89,-14.89,-6.16,101.38
0.02,-0.25,-0.89,-15.20,-7.87,102.84
-0.02,-0.29,-0.87,-12.94,-9.52,93.20
-0.06,-0.33,-0.88,-6.53,-12.70,80.14
-0.08,-0.32,-0.89,17.46,-14.34,73.00
-0.08,-0.37,-0.89,35.89,-18.55,71.72
-0.05,-0.44,-0.99,32.53,-18.74,66.35
-0.05,-0.44,-1.01,-21.18,-10.07,64.27
-0.10,-0.46,-0.95,-33.02,-4.15,57.25
-0.12,-0.37,-0.84,-28.32,-4.82,52.92
-0.11,-0.34,-0.81,-25.21,-9.09,53.04
-0.09,-0.34,-0.85,-16.11,-13.12,49.50
-0.04,-0.31,-0.93,-2.87,-17.33,48.03
0.03,-0.25,-1.10,2.56,-18.74,43.15
0.12,-0.14,-1.29,23.56,0.98,40.22
0.06,-0.15,-1.27,17.88,13.12,39.43
-0.02,-0.19,-1.15,26.18,21.30,42.97
-0.06,-0.23,-0.94,36.99,18.92,44.25
-0.06,-0.29,-0.80,37.48,11.90,45.10
-0.03,-0.34,-0.76,20.32,6.35,42.11
-0.03,-0.37,-0.78,2.20,1.59,44.13
-0.05,-0.45,-0.85,-9.46,-3.11,39.12
-0.07,-0.45,-1.06,-29.30,-0.79,19.59
-0.08,-0.40,-1.14,-31.56,6.90,13.12
-0.11,-0.37,-1.12,-24.84,15.08,6.84
-0.13,-0.35,-1.02,-14.04,16.78,7.57
-0.13,-0.33,-0.92,-1.83,15.32,8.91
-0.10,-0.34,-0.82,13.43,7.26,10.68
-0.07,-0.37,-0.80,8.30,0.24,7.26
-0.03,-0.37,-0.90,-2.01,-0.98,1.71
-0.03,-0.41,-0.91,-7.32,1.77,-3.66
-0.04,-0.42,-0.92,-11.29,3.72,-9.64
-0.04,-0.38,-0.93,-11.47,5.07,-14.40
-0.05,-0.38,-0.91,-10.56,5.55,-16.05
-0.07,-0.41,-0.87,-12.27,3.54,-19.29
-0.08,-0.40,-0.85,-12.51,-1.53,-20.14
-0.04,-0.39,-0.94,-7.26,-8.97,-25.21
-0.02,-0.37,-0.97,-7.02,-7.51,-26.37
-0.01,-0.44,-0.97,-13.00,-4.15,-31.98
0.01,-0.53,-0.95,-22.52,-3.17,-43.76
0.02,-0.63,-1.00,-37.84,-3.54,-63.35
-0.02,-0.79,-1.07,-44.07,1.40,-99.91
-0.14,-0.78,-1.13,-50.48,7.75,-150.33
-0.14,-0.53,-0.92,-46.63,21.73,-176.88
-0.12,-0.42,-0.94,-50.42,25.70,-196.04
-0.13,-0.33,-0.91,-51.76,28.99,-194.58
-0.14,-0.43,-0.91,-52.73,29.05,-194.64
-0.14,-0.46,-0.94,-49.56,26.37,-195.01
-0.11,-0.42,-1.01,-47.18,23.99,-189.82
-0.08,-0.36,-1.07,-48.40,27.71,-194.03
-0.07,-0.30,-1.09,-55.24,36.01,-197.88
-0.07,-0.27,-1.08,-61.16,46.51,-207.40
-0.07,-0.06,-0.99,-68.18,54.69,-222.29
-0.04,-0.00,-0.97,-70.98,52.73,-219.60
-0.03,0.03,-0.98,-54.44,45.78,-214.60
-0.02,0.07,-1.00,-30.27,40.95,-205.32
-0.02,0.07,-0.94,-12.08,37.96,-190.19
-0.00,0.06,-0.89,17.40,28.63,-178.59
0.04,0.02,-0.83,29.24,13.67,-165.04
0.05,-0.16,-0.90,22.28,-2.56,-178.34
0.03,-0.27,-0.97,35.40,2.01,-212.89
0.01,-0.10,-0.97,56.95,-1.53,-245.61
-0.02,0.14,-1.04,54.81,0.43,-249.69
-0.01,0.22,-0.98,53.89,5.55,-244.57
0.01,0.17,-0.89,38.88,-4.09,-236.39
-0.04,-0.14,-0.87,-4.46,-20.81,-242.00
-0.06,-0.20,-0.86,-15.32,-29.97,-256.41
-0.10,-0.19,-0.92,-21.85,-37.96,-269.35
-0.11,-0.11,-1.03,-27.83,-37.29,-281.62
-0.09,0.04,-1.11,-26.61,-29.05,-282.84
-0.09,0.16,-1.09,-25.88,-21.30,-272.09
-0.08,0.22,-1.10,-33.20,-16.91,-259.64
-0.10,0.31,-1.01,-43.33,-6.90,-233.15
-0.07,0.21,-0.96,-58.65,-5.86,-220.58
-0.06,0.11,-0.92,-58.29,-2.56,-218.81
-0.08,0.09,-0.88,-62.50,-4.70,-225.65
-0.09,0.13,-0.90,-74.46,-2.81,-235.05
-0.10,0.18,-0.95,-71.17,0.24,-237.85
-0.08,0.21,-1.09,-35.16,7.20,-239.32
-0.16,0.38,-1.01,49.44,27.65,-238.40
-0.15,0.42,-0.93,38.39,23.44,-220.76
-0.14,0.39,-0.95,28.32,17.58,-202.70
-0.13,0.41,-1.01,8.12,14.28,-192.57
-0.13,0.47,-1.05,-19.90,12.15,-174.01
-0.13,0.48,-1.11,-26.98,10.68,-154.85
-0.10,0.41,-1.09,-6.16,17.52,-140.56
-0.09,0.29,-1.01,-10.13,14.59,-135.50
-0.07,0.20,-1.00,-15.14,15.32,-133.18
-0.10,0.33,-1.00,26.86,14.77,-133.73
-0.13,0.40,-0.93,31.62,8.48,-127.44
-0.12,0.36,-0.90,27.65,3.23,-109.80
-0.10,0.33,-0.93,26.86,-2.08,-98.57
-0.10,0.37,-0.98,19.35,-3.11,-83.19
-0.09,0.34,-1.00,3.97,-3.60,-68.54
-0.06,0.25,-0.99,-29.05,-3.78,-58.35
-0.06,0.28,-1.05,-22.83,0.37,-55.97
-0.05,0.29,-1.07,-15.26,5.07,-51.33
-0.05,0.30,-1.05,-9.64,9.95,-43.82
-0.07,0.34,-1.01,10.80,13.31,-36.44
-0.08,0.36,-0.96,19.53,13.98,-27.04
-0.09,0.38,-0.94,15.20,12.27,-15.44
-0.08,0.35,-0.93,11.78,9.58,-4.64
-0.05,0.25,-0.90,-2.75,4.33,2.20
-0.02,0.22,-0.91,-7.02,-3.97,2.38
-0.00,0.24,-1.00,-7.51,-8.61,7.08
0.01,0.23,-1.05,1.22,-3.78,8.12
-0.01,0.24,-0.98,14.83,4.70,6.96
-0.03,0.26,-0.94,15.75,2.69,7.51
-0.03,0.27,-0.94,14.10,-1.04,12.51
-0.02,0.24,-0.95,10.07,-3.17,14.47
-0.01,0.24,-0.98,6.84,-5.49,16.30
-0.01,0.25,-1.02,4.09,-4.09,21.42
-0.01,0.24,-1.05,7.63,-1.22,27.40
-0.03,0.28,-1.06,7.32,2.38,32.53
-0.07,0.37,-1.05,4.70,4.39,48.22
-0.10,0.39,-1.02,-5.62,7.75,67.50
-0.13,0.41,-0.97,-21.18,7.32,79.04
-0.16,0.47,-0.92,-33.08,-1.16,93.51
-0.17,0.50,-0.92,-35.89,-10.38,106.20
-0.16,0.52,-0.95,-31.74,-15.56,122.31
-0.13,0.52,-0.96,-21.61,-19.35,145.63
-0.14,0.53,-0.98,-13.12,-25.33,167.48
-0.21,0.62,-0.93,-38.45,-28.69,215.03
-0.22,0.65,-0.88,-70.01,-39.79,234.19
-0.25,0.71,-0.88,-81.91,-56.40,255.13
-0.27,0.81,-0.88,-83.25,-70.37,278.69
-0.31,0.88,-0.86,-81.48,-88.68,314.82
-0.36,0.84,-0.86,-68.05,-106.38,349.00
-0.41,0.67,-0.89,-37.23,-118.90,381.71
-0.43,0.39,-0.94,-8.73,-123.66,404.11
-0.43,0.09,-1.02,7.81,-117.00,399.90
-0.39,-0.05,-1.09,5.07,-104.92,374.51
-0.31,-0.06,-1.18,10.50,-92.10,350.16
-0.19,-0.10,-1.24,16.11,-76.54,325.01
-0.05,-0.08,-1.29,-11.05,-51.15,268.37
-0.05,-0.02,-1.28,-8.54,-33.33,245.24
-0.05,0.08,-1.17,1.10,-18.01,222.35
-0.10,0.39,-1.03,5.49,-7.87,207.09
-0.15,0.62,-0.92,10.07,-4.09,227.97
-0.15,0.41,-0.83,38.09,-7.57,242.31
-0.15,0.13,-0.75,52.37,-12.70,226.93
-0.15,0.05,-0.72,64.45,-21.67,207.76
-0.12,0.08,-0.78,88.87,-31.49,196.96
-0.03,0.16,-0.89,103.58,-35.46,189.21
0.03,0.26,-0.98,85.75,-33.75,187.74
-0.01,0.33,-1.07,68.05,-29.05,188.78
-0.07,0.35,-1.10,70.62,-17.82,193.73
-0.09,0.28,-1.05,84.17,-9.46,208.62
-0.05,0.16,-1.02,91.61,-2.93,216.00
-0.08,0.04,-0.76,99.43,0.85,215.88
-0.05,-0.04,-0.72,105.90,-6.16,211.79
0.04,-0.03,-0.75,86.06,-12.94,203.19
0.05,-0.04,-0.81,58.35,-22.09,193.97
-0.01,-0.07,-0.86,34.12,-26.25,180.18
-0.05,-0.12,-0.97,18.37,-29.72,169.68
-0.08,-0.26,-1.05,8.91,-26.49,156.92
-0.10,-0.30,-1.06,8.42,-25.15,139.28
-0.10,-0.30,-1.00,8.97,-25.51,123.96
-0.09,-0.27,-0.89,-4.52,-29.72,112.18
-0.03,-0.19,-0.86,-30.03,-38.45,107.48
-0.05,-0.15,-0.88,-44.98,-40.04,103.45
-0.07,-0.17,-0.88,-31.68,-43.33,101.01
-0.03,-0.16,-0.92,-22.64,-40.83,93.69
-0.07,-0.14,-0.89,3.30,-39.25,89.29
-0.07,-0.17,-0.98,13.61,-40.34,83.50
-0.08,-0.19,-1.16,17.94,-36.50,78.86
-0.08,-0.20,-1.31,14.59,-25.27,72.02
-0.12,-0.16,-1.29,25.51,-11.96,68.79
-0.13,-0.13,-1.08,44.92,-7.45,68.12
-0.08,-0.11,-0.88,49.74,-10.07,66.47
-0.01,-0.00,-0.81,53.34,-14.89,66.16
-0.00,-0.04,-0.97,65.80,-16.91,74.58
-0.02,-0.02,-1.04,73.79,-14.77,72.75
-0.05,-0.04,-1.07,78.55,-11.84,74.40
-0.08,-0.11,-1.06,79.28,-10.25,69.64
-0.09,-0.08,-1.09,84.72,-9.52,66.16
-0.09,-0.12,-1.14,80.26,-7.02,70.86
-0.08,-0.20,-1.20,72.20,-5.49,64.58
-0.10,-0.17,-1.22,52.73,3.30,60.49
-0.13,-0.18,-1.12,37.11,8.18,64.94
-0.12,-0.09,-1.19,-28.38,12.08,68.12
-0.10,-0.25,-1.10,-87.40,31.37,84.53
-0.02,-0.35,-0.79,-38.94,13.49,62.99
-0.05,-0.17,-0.94,-21.00,1.95,61.40
-0.10,-0.14,-1.10,-9.09,6.10,56.64
-0.12,-0.09,-1.18,-9.70,7.81,62.07
-0.11,-0.14,-1.25,-1.77,19.04,62.87
-0.13,-0.23,-1.16,16.30,25.88,58.90
-0.17,-0.25,-1.05,31.07,30.09,53.89
-0.08,-0.22,-0.79,47.12,23.93,58.65
-0.12,-0.30,-0.76,32.96,17.52,59.39
-0.22,-0.44,-0.77,20.26,13.18,55.42
-0.25,-0.56,-0.76,7.08,10.31,47.91
-0.28,-0.64,-0.80,0.24,6.96,36.62
-0.30,-0.69,-0.83,4.58,6.23,26.92
-0.22,-0.55,-0.81,5.62,3.23,3.72
-0.14,-0.41,-0.81,-0.06,1.95,1.53
-0.10,-0.36,-0.85,-6.77,0.79,-0.98
-0.08,-0.32,-0.86,0.55,-1.83,-2.20
-0.04,-0.31,-0.88,4.15,-4.27,-3.30
-0.00,-0.30,-0.91,8.48,-4.33,-4.39
0.04,-0.29,-0.93,12.39,-4.33,-4.76
0.03,-0.38,-1.00,23.99,-2.62,-11.23
0.02,-0.41,-1.01,25.94,-1.28,-16.54
-0.00,-0.44,-1.02,18.37,2.32,-22.77
-0.05,-0.52,-1.02,0.00,5.92,-30.76
-0.14,-0.63,-1.04,-9.64,8.54,-42.42
-0.19,-0.69,-1.03,-8.91,9.70,-54.63
-0.20,-0.72,-1.01,-12.39,10.44,-68.30
-0.20,-0.74,-1.01,-21.36,12.51,-83.68
-0.21,-0.78,-1.01,-30.76,9.46,-105.90
-0.21,-0.82,-1.04,-42.42,18.98,-140.32
-0.20,-0.81,-1.08,-48.22,26.06,-163.76
-0.20,-0.77,-1.12,-40.10,32.90,-188.42
-0.17,-0.76,-1.22,-12.33,44.68,-215.03
-0.20,-0.78,-1.22,33.94,62.87,-250.18
-0.32,-0.67,-1.09,68.48,70.50,-284.97
-0.35,-0.49,-0.96,82.09,62.32,-303.41
-0.21,-0.17,-0.83,107.12,25.51,-356.57
-0.04,0.15,-0.80,121.95,13.55,-341.67
-0.01,0.20,-0.73,88.38,-8.91,-315.80
-0.02,-0.01,-0.74,61.77,-26.61,-300.23
-0.06,-0.24,-0.72,56.40,-38.21,-306.09
-0.07,-0.27,-0.68,50.72,-53.16,-314.70
-0.09,-0.34,-0.58,49.26,-71.66,-318.85
-0.17,-0.27,-1.12,19.17,-91.31,-347.90
-0.17,-0.20,-1.16,14.89,-76.84,-347.23
-0.19,-0.10,-1.19,8.00,-68.42,-347.29
-0.16,0.10,-1.23,16.60,-56.58,-336.98
-0.13,0.25,-1.18,6.41,-42.91,-311.83
-0.12,0.28,-1.07,-35.16,-30.33,-277.95
-0.09,0.25,-0.91,-66.47,-24.90,-245.00
-0.05,-0.06,-0.69,-101.01,-57.31,-204.35
-0.07,-0.24,-0.78,-106.51,-53.77,-205.93
-0.07,-0.31,-0.82,-92.71,-52.25,-219.91
-0.07,-0.17,-0.93,-71.59,-50.54,-241.09
-0.12,0.16,-1.00,-54.08,-44.01,-248.23
-0.14,0.41,-0.97,-58.96,-44.13,-230.71
-0.08,0.39,-0.98,-80.93,-48.83,-205.81
-0.04,0.07,-1.11,-96.92,-34.55,-192.50
-0.06,0.04,-1.09,-87.59,-27.53,-191.04
-0.08,0.00,-1.09,-46.81,-25.39,-192.50
-0.11,0.05,-1.09,-14.83,-22.95,-209.35
-0.15,0.23,-1.10,-17.70,-21.79,-209.96
-0.18,0.34,-1.14,-27.59,-15.56,-196.66
-0.18,0.38,-1.16,-38.76,-10.50,-179.20
-0.15,0.41,-1.26,-41.20,-2.62,-165.10
-0.10,0.35,-1.29,-6.53,30.09,-146.48
-0.07,0.27,-1.15,17.40,43.88,-130.37
-0.03,0.09,-0.92,35.71,49.44,-127.08
-0.04,-0.05,-0.68,32.41,42.36,-141.66
-0.05,-0.08,-0.59,14.53,22.77,-160.46
-0.06,0.06,-0.69,1.34,2.26,-174.32
-0.10,0.32,-0.92,-14.95,-8.97,-168.40
-0.10,0.45,-1.14,-4.09,-6.90,-142.15
-0.08,0.39,-1.20,4.82,1.16,-119.02
-0.03,0.15,-1.05,22.58,15.63,-108.15
-0.04,0.13,-0.89,8.06,11.11,-111.82
-0.04,0.17,-0.80,-27.83,0.18,-111.33
-0.04,0.24,-0.80,-51.39,-9.34,-101.50
-0.03,0.28,-0.87,-40.53,-12.51,-90.76
-0.03,0.28,-0.95,-5.55,-10.86,-88.56
-0.03,0.27,-1.06,41.99,0.98,-77.70
-0.05,0.30,-1.10,40.89,5.07,-72.08
-0.06,0.29,-1.12,45.04,6.77,-69.34
-0.06,0.28,-1.11,30.88,3.72,-73.49
-0.04,0.31,-1.11,15.56,5.92,-64.64
-0.03,0.26,-1.02,8.36,10.44,-53.22
-0.01,0.19,-0.92,9.28,5.62,-50.66
-0.01,0.19,-0.89,15.20,-1.34,-54.63
-0.01,0.21,-0.91,11.78,-6.29,-51.09
-0.04,0.26,-0.95,14.34,-8.12,-45.53
-0.07,0.30,-0.96,9.09,-7.63,-35.03
-0.11,0.31,-1.02,7.51,-11.54,-30.09
-0.09,0.30,-1.06,10.19,-8.97,-23.74
-0.06,0.27,-1.11,28.14,-4.09,-16.91
-0.08,0.28,-1.09,26.55,2.26,-9.89
-0.10,0.24,-0.99,8.06,0.18,-4.52
-0.08,0.20,-0.96,-4.70,-7.14,-6.04
-0.06,0.21,-1.00,-13.43,-9.83,-2.75
-0.04,0.21,-1.05,-11.41,-8.54,-0.24
-0.00,0.13,-1.06,5.00,-4.52,-2.99
-0.00,0.14,-1.06,18.25,-0.61,-4.94
-0.02,0.15,-1.00,19.17,2.38,-4.03
-0.03,0.13,-0.96,12.82,-1.34,-4.76
-0.02,0.13,-0.99,8.12,-3.36,-4.94
-0.02,0.14,-1.01,2.20,-4.70,-2.81
-0.05,0.18,-1.03,3.42,-0.24,5.55
-0.03,0.10,-1.00,8.18,0.18,5.37
-0.02,0.09,-1.03,19.71,2.56,0.67
-0.02,0.11,-1.02,24.54,4.64,0.67
-0.02,0.10,-1.01,21.61,3.60,-0.73
-0.02,0.12,-0.99,22.40,3.91,-1.71
-0.03,0.13,-0.96,22.03,1.28,-0.24
-0.02,0.11,-0.95,19.71,-2.38,1.89
-0.03,0.13,-0.98,16.48,-3.60,4.94
-0.06,0.20,-1.06,9.64,2.50,20.69
-0.09,0.24,-1.05,12.39,6.53,33.14
-0.10,0.24,-1.00,14.65,9.28,46.94
-0.10,0.22,-0.92,4.33,5.37,58.11
-0.10,0.23,-0.88,-6.10,-5.31,65.37
-0.12,0.29,-0.87,-19.41,-11.35,80.87
-0.15,0.34,-0.88,-36.80,-15.99,98.02
-0.14,0.37,-0.94,-39.61,-22.03,114.32
-0.13,0.37,-1.03,-26.12,-28.56,125.67
-0.15,0.43,-1.10,-11.05,-31.92,135.07
-0.18,0.52,-1.12,-7.63,-32.17,159.73
-0.23,0.55,-1.12,-31.07,-20.26,213.44
-0.24,0.51,-1.06,-46.88,-14.77,243.53
-0.24,0.44,-1.00,-57.31,-15.56,262.15
-0.25,0.50,-0.98,-67.99,-18.68,273.68
-0.27,0.59,-0.96,-65.73,-21.91,295.72
-0.26,0.54,-1.00,-46.75,-27.89,320.13
-0.24,0.38,-1.15,-4.21,-30.21,321.90
-0.20,0.22,-1.14,60.67,-2.93,300.90
-0.19,0.20,-0.96,58.41,-4.27,308.59
-0.20,0.03,-0.87,68.60,-13.55,308.04
-0.22,-0.11,-0.78,63.90,-21.61,293.76
-0.20,-0.15,-0.76,31.01,-36.68,283.87
-0.18,-0.07,-0.88,-2.01,-44.98,272.28
-0.18,0.15,-1.02,-21.61,-46.14,271.91
-0.19,0.27,-1.15,-30.64,-44.31,286.50
-0.17,0.02,-1.29,-16.66,-18.80,291.38
-0.11,-0.00,-1.26,-9.09,-5.07,276.37
-0.05,0.02,-1.20,8.73,10.44,258.36
-0.08,0.03,-1.06,30.15,24.60,238.71
-0.15,-0.03,-0.93,46.14,26.61,221.98
-0.16,-0.03,-0.88,57.37,28.69,202.27
-0.15,0.10,-0.88,79.41,28.02,196.04
-0.11,0.18,-0.89,102.05,29.24,208.13
-0.02,-0.04,-0.91,68.48,32.41,234.86
-0.07,-0.20,-0.90,48.22,29.36,220.09
-0.10,-0.19,-0.91,38.09,21.30,195.37
-0.06,-0.01,-0.94,47.42,16.36,185.55
-0.05,0.11,-0.89,57.19,11.90,193.18
-0.07,0.03,-0.83,57.56,1.65,201.78
-0.09,-0.13,-0.85,61.83,-5.31,202.70
-0.04,-0.25,-0.84,57.56,-3.48,196.78
0.05,-0.26,-0.79,30.21,-8.18,178.71
0.00,-0.19,-0.99,-27.95,-17.94,147.22
-0.02,-0.23,-1.06,-28.50,-16.66,134.22
-0.01,-0.31,-1.03,-46.26,-18.62,118.47
-0.01,-0.28,-1.06,-68.97,-22.52,99.37
-0.02,-0.07,-1.02,-71.66,-23.62,91.37
0.01,0.04,-0.96,-71.78,-30.40,98.02
0.04,-0.00,-0.91,-84.78,-30.15,96.56
0.04,-0.00,-0.87,-111.63,-35.77,93.26
-0.08,-0.14,-1.00,-94.97,-44.37,87.40
-0.13,-0.20,-1.06,-66.53,-45.96,78.37
-0.12,-0.18,-1.15,-31.86,-43.95,72.27
-0.07,-0.10,-1.21,-12.82,-35.40,66.77
-0.02,0.05,-1.25,10.86,-26.31,70.31
-0.04,0.08,-1.27,30.15,-14.22,75.26
-0.10,0.02,-1.25,47.00,-2.87,74.95
-0.12,-0.04,-1.03,68.91,3.54,74.10
-0.08,-0.12,-0.99,78.31,0.55,71.29
-0.03,-0.12,-0.99,78.00,-1.40,63.17
0.00,-0.07,-0.97,73.24,-2.38,58.59
0.07,0.08,-0.96,57.74,-3.05,57.25
0.11,0.19,-1.01,42.48,-2.32,66.35
0.06,0.10,-1.04,40.04,-0.43,69.03
0.02,0.04,-1.07,42.48,-0.43,66.16
0.02,0.00,-1.11,57.80,1.53,67.08
0.01,-0.09,-1.06,46.02,7.93,63.84
-0.02,-0.12,-0.95,13.18,9.34,57.37
-0.06,-0.18,-0.93,-5.25,7.57,56.64
-0.10,-0.27,-0.91,-7.02,3.42,52.00
-0.09,-0.27,-0.90,5.13,0.73,48.16
-0.09,-0.21,-0.88,14.47,-0.98,46.75
-0.11,-0.23,-0.87,20.75,-3.23,45.90
-0.12,-0.34,-0.92,10.25,-5.62,41.56
-0.14,-0.36,-1.01,-4.70,3.17,29.97
-0.13,-0.31,-0.87,1.65,3.36,29.30
-0.10,-0.31,-0.82,-1.46,1.04,26.98
-0.11,-0.31,-0.84,9.40,-3.36,23.68
-0.08,-0.28,-0.87,30.94,-7.81,20.20
0.01,-0.21,-0.88,40.16,-8.91,19.65
0.04,-0.17,-0.88,15.75,-9.09,20.57
0.02,-0.20,-0.95,-3.17,-8.54,21.00
-0.05,-0.26,-1.04,-6.29,-3.11,19.71
-0.07,-0.29,-1.00,2.81,-2.81,15.50
-0.06,-0.28,-0.96,16.85,-5.86,13.00
-0.03,-0.27,-0.97,22.09,-6.35,9.16
0.01,-0.22,-1.00,18.49,-5.37,7.14
0.03,-0.22,-1.01,-1.16,-2.14,8.54
0.00,-0.29,-1.02,-15.63,0.12,6.77
-0.03,-0.32,-1.02,-12.94,2.75,2.69
-0.02,-0.27,-1.02,-9.95,2.93,-1.71
-0.00,-0.15,-1.02,3.60,3.97,-2.38
0.01,-0.16,-1.00,11.54,2.44,-3.36
0.02,-0.15,-0.99,19.59,1.40,-3.91
0.03,-0.14,-1.00,20.32,0.24,-3.66
0.02,-0.16,-1.05,15.26,2.62,-2.56
-0.03,-0.26,-1.05,14.71,4.39,-3.42
-0.07,-0.32,-1.03,17.03,3.78,-7.45
-0.06,-0.30,-0.98,21.30,3.85,-9.58
-0.06,-0.27,-0.93,18.25,1.65,-10.38
-0.07,-0.31,-0.95,14.04,0.00,-11.60
-0.09,-0.41,-1.01,9.09,1.28,-22.40
-0.09,-0.43,-1.02,10.38,2.81,-28.99
-0.10,-0.49,-1.03,12.15,6.16,-38.45
-0.10,-0.57,-1.02,9.83,10.31,-50.84
-0.10,-0.64,-1.01,1.46,14.77,-66.71
-0.10,-0.67,-1.02,-6.71,21.18,-84.66
-0.12,-0.64,-0.99,-12.94,25.76,-101.62
-0.10,-0.58,-0.95,-30.15,31.80,-125.92
-0.07,-0.60,-0.94,-43.76,35.03,-140.20
-0.05,-0.70,-0.96,-47.00,33.57,-168.27
-0.05,-0.67,-1.00,-53.16,36.50,-202.64
-0.08,-0.60,-1.04,-52.12,47.18,-212.89
-0.13,-0.68,-1.05,-51.45,58.59,-236.45
-0.28,-0.40,-1.02,-52.12,84.72,-291.75
-0.25,0.04,-0.93,-29.24,89.17,-315.49
-0.18,0.30,-0.82,-34.36,83.19,-302.73
-0.09,0.42,-0.76,-52.43,77.03,-284.18
0.04,0.45,-0.75,-46.81,65.06,-257.75
0.07,0.26,-0.73,-41.99,57.19,-243.84
0.02,0.04,-0.71,-45.59,45.29,-249.27
-0.06,-0.07,-0.72,-0.79,19.65,-286.44
-0.06,-0.06,-0.79,20.57,4.33,-302.73
-0.05,-0.05,-0.88,55.85,-5.98,-322.51
-0.07,0.05,-0.87,80.51,-22.46,-341.92
-0.13,0.20,-0.96,62.32,-37.84,-342.77
-0.16,0.24,-1.05,28.75,-33.81,-327.88
-0.13,0.19,-1.02,3.42,-31.19,-311.22
-0.07,0.10,-1.05,3.30,-29.48,-301.21
-0.13,0.02,-0.92,6.29,-28.50,-299.19
-0.11,-0.08,-0.96,15.56,-35.40,-299.99
-0.13,0.01,-1.02,18.86,-34.18,-296.57
-0.16,0.17,-1.02,-1.65,-31.25,-282.10
-0.16,0.22,-1.03,-24.78,-26.49,-260.13
-0.13,0.14,-0.98,-39.31,-21.55,-247.07
-0.17,0.15,-1.06,-54.20,-39.43,-249.39
-0.16,0.36,-1.19,-0.49,-4.21,-244.81
-0.14,0.24,-1.07,-12.15,0.18,-245.06
-0.14,0.27,-1.02,-12.33,5.07,-247.19
-0.16,0.39,-0.94,-2.26,4.88,-236.94
-0.18,0.45,-0.88,-11.41,-0.18,-212.65
-0.15,0.40,-0.93,-17.76,-6.59,-181.95
-0.14,0.35,-1.04,-10.74,-5.31,-160.64
-0.17,0.33,-1.09,-11.11,1.65,-144.10
-0.19,0.31,-1.13,0.00,6.71,-138.24
-0.20,0.38,-1.08,-3.91,17.03,-133.85
-0.20,0.36,-0.99,-20.20,12.70,-123.72
-0.14,0.24,-0.97,-34.06,7.93,-114.26
-0.11,0.20,-1.05,-7.87,3.05,-123.47
-0.08,0.23,-1.06,7.75,6.41,-124.76
-0.09,0.26,-1.00,8.24,5.55,-119.26
-0.11,0.22,-0.96,-15.56,-1.10,-108.40
-0.14,0.29,-0.93,-21.36,-1.59,-105.35
-0.17,0.36,-0.92,-27.28,-6.59,-89.97
-0.17,0.36,-1.04,-15.01,-6.41,-78.43
-0.18,0.37,-1.12,23.86,4.33,-73.12
-0.18,0.29,-1.07,46.20,13.37,-70.31
-0.19,0.24,-0.98,61.28,15.44,-78.61
-0.20,0.27,-0.92,51.57,10.44,-74.04
-0.20,0.25,-0.86,34.36,5.25,-70.74
-0.20,0.25,-0.82,13.18,-7.51,-65.37
-0.17,0.28,-0.94,1.83,-14.47,-57.62
-0.16,0.33,-1.09,20.87,-10.68,-47.12
-0.13,0.27,-1.09,28.02,-2.08,-37.05
-0.13,0.23,-1.00,31.37,-0.98,-36.01
-0.09,0.14,-0.91,-5.19,-12.45,-30.03
-0.08,0.15,-0.94,-14.53,-18.98,-30.03
-0.08,0.21,-1.03,-28.99,-20.20,-27.59
-0.09,0.25,-1.10,-19.59,-13.00,-24.84
-0.10,0.28,-1.07,-11.17,-5.43,-21.06
-0.12,0.30,-1.02,-3.85,-0.73,-12.33
-0.13,0.24,-0.96,6.90,2.01,-7.69
-0.13,0.21,-0.91,7.75,-0.12,-7.87
-0.12,0.16,-0.92,6.10,-4.82,-8.42
-0.11,0.14,-0.97,6.84,-7.51,-14.16
-0.11,0.20,-1.02,7.87,-7.26,-14.10
-0.11,0.22,-1.07,6.65,-4.94,-9.52
-0.12,0.21,-1.01,6.23,-0.43,-6.84
-0.13,0.19,-0.93,10.86,-4.27,-6.10
-0.12,0.19,-0.95,14.28,-8.67,-8.00
-0.10,0.21,-1.08,11.35,-8.36,-2.14
-0.09,0.19,-1.11,11.90,-1.16,2.81
-0.10,0.18,-1.10,13.92,4.58,7.45
-0.09,0.14,-1.09,21.30,10.31,8.67
-0.08,0.08,-1.00,26.06,13.12,4.33
-0.09,0.08,-0.94,26.12,9.28,0.12
-0.09,0.10,-0.91,10.80,4.88,-0.43
-0.11,0.20,-0.98,-11.29,-6.35,2.01
-0.12,0.25,-1.03,-13.37,-5.74,9.09
-0.12,0.25,-1.04,-15.14,-4.15,18.80
-0.10,0.16,-1.04,-13.92,-1.59,22.09
-0.09,0.11,-1.02,-7.81,-0.67,17.09
-0.11,0.17,-1.01,-2.93,-0.73,17.27
-0.13,0.19,-1.01,2.99,1.04,20.51
-0.12,0.20,-1.02,10.25,4.52,25.02
-0.18,0.29,-0.98,5.86,8.85,45.90
-0.19,0.35,-0.98,-5.25,3.91,60.61
-0.22,0.44,-1.03,-21.30,-0.55,77.76
-0.26,0.56,-1.08,-37.96,-3.36,101.99
-0.28,0.59,-1.12,-53.16,-4.27,132.75
-0.27,0.51,-1.10,-62.62,-3.36,158.08
-0.26,0.45,-1.06,-62.44,-5.92,173.71
-0.27,0.46,-1.07,-60.55,-6.35,191.59
-0.24,0.38,-1.05,-49.38,-0.37,231.63
-0.23,0.34,-1.00,-48.58,2.38,239.32
-0.24,0.39,-0.95,-54.08,1.59,242.25
-0.25,0.50,-0.93,-62.44,-1.89,250.92
-0.25,0.57,-0.97,-66.65,-6.96,268.43
-0.26,0.59,-0.98,-49.19,-12.02,284.36
-0.28,0.61,-1.03,-18.43,-23.19,303.41
-0.28,0.62,-1.17,18.13,-24.90,322.20
-0.32,0.73,-1.20,41.08,-17.09,336.85
-0.40,0.93,-1.10,63.60,-14.83,369.14
-0.50,0.84,-0.96,109.92,-21.91,416.02
-0.49,0.16,-0.76,119.45,-32.53,427.43
-0.48,0.12,-0.82,83.62,-36.56,413.64
-0.42,0.05,-1.00,77.03,-28.02,400.63
-0.25,-0.17,-1.11,98.39,-14.65,371.52
-0.02,-0.33,-1.12,126.28,1.04,322.51
0.15,-0.29,-1.01,113.65,14.77,278.02
0.13,-0.11,-0.84,64.76,23.99,257.75
-0.03,0.03,-0.70,21.97,22.03,256.65
-0.23,-0.10,-0.50,31.74,-19.78,266.36
-0.11,-0.12,-0.58,25.33,-49.26,269.04
-0.14,0.12,-0.74,20.02,-55.54,285.89
-0.18,-0.10,-0.90,44.62,-64.51,311.40
-0.15,-0.62,-1.08,62.62,-50.48,243.90
-0.11,-0.67,-1.02,40.77,-29.30,175.48
-0.04,-0.46,-0.89,34.61,-25.82,155.64
0.04,-0.31,-0.89,13.55,-29.85,147.22
-0.01,-0.17,-1.00,-40.65,-11.35,141.60
-0.03,-0.20,-0.91,-83.31,-10.50,137.88
-0.07,-0.20,-0.87,-114.87,-14.95,133.36
-0.08,-0.22,-0.88,-114.44,-23.50,125.24
-0.11,-0.18,-0.95,-117.07,-31.19,115.48
-0.12,-0.11,-1.11,-94.79,-36.01,111.76
-0.06,0.01,-1.27,-20.75,-21.30,110.29
-0.07,0.02,-1.21,2.44,-10.13,107.30
-0.09,0.01,-1.14,15.20,-0.37,101.87
-0.12,0.01,-1.03,28.50,7.81,98.82
-0.10,-0.05,-0.94,52.61,4.33,96.56
-0.06,-0.09,-0.98,68.05,1.16,88.50
-0.04,-0.08,-1.08,97.53,-1.46,82.89
0.09,0.16,-1.18,113.77,4.15,79.83
0.09,0.21,-1.10,96.68,10.68,84.05
0.06,0.20,-1.02,57.25,8.54,91.80
-0.01,0.07,-1.10,40.95,6.90,96.44
-0.06,-0.10,-1.18,41.81,9.95,93.51
-0.06,-0.18,-1.12,41.87,12.39,88.13
-0.04,-0.20,-1.01,29.60,10.74,80.02
-0.10,-0.18,-0.85,3.66,8.73,70.86
-0.13,-0.22,-0.80,5.86,1.65,71.29
-0.15,-0.32,-0.82,14.59,-2.50,69.15
-0.15,-0.43,-0.86,34.36,-4.15,62.62
-0.13,-0.46,-0.85,49.99,-2.87,51.88
-0.10,-0.41,-0.80,54.75,-4.46,46.51
-0.08,-0.39,-0.84,45.10,-4.76,44.68
-0.17,-0.47,-0.91,24.66,2.44,40.04
-0.16,-0.45,-0.90,21.42,2.44,36.13
-0.14,-0.42,-0.88,13.37,3.36,31.07
-0.13,-0.41,-0.85,9.09,-0.49,27.34
-0.08,-0.35,-0.88,2.99,-2.99,22.09
-0.03,-0.25,-0.92,-0.37,-5.25,24.05
0.03,-0.21,-0.95,0.55,-4.58,25.63
0.05,-0.14,-1.00,11.35,-5.86,29.42
0.05,-0.14,-1.06,13.06,-2.38,28.50
0.03,-0.18,-1.08,16.54,0.55,26.86
0.03,-0.18,-1.07,22.77,3.72,24.54
0.05,-0.19,-1.04,21.42,5.80,23.99
0.06,-0.21,-1.04,10.86,7.32,23.07
-0.02,-0.26,-1.01,3.11,10.19,22.34
-0.04,-0.29,-0.92,13.37,4.76,23.56
-0.04,-0.34,-0.88,18.98,-1.71,19.71
-0.01,-0.34,-0.90,24.48,-7.02,14.95
0.01,-0.30,-0.97,23.93,-8.30,10.44
0.02,-0.26,-1.05,24.66,-5.31,10.19
0.00,-0.30,-1.06,26.00,0.00,8.91
-0.03,-0.33,-1.05,30.94,3.48,5.43
-0.06,-0.36,-0.99,39.98,5.98,3.23
-0.08,-0.44,-0.93,33.33,4.15,-1.59
-0.12,-0.53,-0.92,18.86,3.54,-11.66
-0.13,-0.58,-0.92,14.34,1.89,-17.27
-0.12,-0.59,-0.92,10.93,1.77,-24.29
-0.10,-0.54,-0.88,3.72,1.34,-28.87
-0.09,-0.52,-0.86,-2.87,-0.24,-29.66
-0.07,-0.53,-0.88,-1.16,-0.37,-32.71
-0.05,-0.56,-0.92,1.28,-0.85,-38.64
-0.04,-0.59,-0.93,4.33,0.92,-47.91
-0.03,-0.61,-0.92,4.82,1.28,-59.69
-0.01,-0.61,-0.95,5.80,2.69,-73.55
0.02,-0.59,-0.94,-6.16,13.43,-98.02
-0.02,-0.63,-0.90,-15.20,17.82,-113.53
-0.02,-0.62,-0.86,-22.34,19.90,-129.94
-0.03,-0.61,-0.82,-32.96,5.55,-149.41
-0.11,-0.58,-0.84,-45.29,8.73,-167.05
-0.12,-0.51,-0.81,-24.96,12.88,-177.67
-0.08,-0.47,-0.75,-18.07,5.43,-188.48
-0.08,-0.49,-0.70,-16.66,2.56,-199.34
-0.10,-0.57,-0.65,-17.76,-7.87,-225.52
-0.14,-0.45,-0.72,-10.38,-9.89,-240.36
-0.16,-0.28,-0.80,-6.77,-11.35,-249.94
-0.11,-0.15,-0.93,-2.56,-10.50,-250.61
-0.07,-0.10,-1.05,17.46,-4.09,-249.63
-0.11,-0.13,-1.06,15.81,-0.37,-251.40
-0.13,-0.19,-1.07,1.16,-4.33,-256.47
-0.13,-0.19,-1.09,-19.96,-6.47,-263.18
-0.19,0.01,-1.04,-64.09,-7.39,-270.08
-0.02,-0.04,-1.01,-90.52,-10.93,-262.63
-0.00,-0.18,-1.00,-86.06,-14.34,-278.32
-0.04,-0.19,-0.90,-46.26,-30.58,-292.72
-0.08,-0.16,-0.97,-37.78,-42.30,-312.19
-0.10,-0.09,-1.03,-23.68,-36.62,-327.15
-0.15,0.13,-0.91,-31.92,-41.32,-336.55
-0.14,0.21,-0.94,-56.64,-43.33,-324.52
-0.12,0.26,-0.93,-91.80,-43.82,-304.93
-0.09,0.24,-0.95,-123.05,-49.01,-281.13
-0.08,0.15,-1.07,-127.44,-47.30,-264.28
-0.08,0.01,-1.11,-120.48,-41.14,-260.44
-0.08,-0.03,-1.11,-120.61,-33.39,-267.64
-0.13,0.39,-1.20,-95.46,-7.57,-266.11
-0.16,0.56,-1.10,-81.54,3.66,-243.10
-0.14,0.55,-0.96,-91.86,4.46,-216.55
-0.12,0.45,-0.91,-99.98,2.87,-192.26
-0.10,0.23,-0.89,-95.28,4.88,-179.20
-0.08,-0.01,-0.92,-70.01,0.92,-187.44
-0.18,0.29,-1.16,27.10,29.05,-243.23
-0.21,0.54,-1.20,88.44,41.99,-236.57
-0.25,0.61,-1.10,95.34,43.70,-221.68
-0.28,0.63,-0.98,46.57,39.79,-195.92
-0.22,0.56,-0.93,8.24,36.25,-161.68
-0.14,0.39,-0.95,-3.91,31.19,-138.73
-0.06,0.19,-0.92,0.49,28.26,-131.59
-0.01,-0.04,-0.87,11.05,20.75,-139.77
-0.09,0.06,-0.81,-13.12,5.19,-171.02
-0.17,0.34,-0.90,-54.02,-4.82,-166.38
-0.20,0.50,-1.00,-73.91,-7.20,-148.38
-0.19,0.44,-1.02,-66.83,-1.34,-130.37
-0.20,0.39,-0.98,-26.43,6.59,-128.42
-0.23,0.43,-0.95,16.85,12.82,-115.48
-0.22,0.36,-0.88,42.97,20.57,-104.74
-0.22,0.37,-0.89,49.19,18.13,-100.59
-0.21,0.45,-1.00,50.90,20.02,-82.28
-0.20,0.42,-1.05,49.32,26.37,-69.03
-0.19,0.37,-1.00,87.16,29.72,-63.72
-0.19,0.35,-0.94,82.89,26.00,-62.99
-0.21,0.38,-0.90,50.60,17.40,-52.43
-0.16,0.30,-0.93,19.23,7.81,-41.08
-0.13,0.28,-1.00,-1.22,2.14,-39.67
-0.14,0.40,-1.11,-6.29,2.62,-31.49
-0.16,0.48,-1.16,11.60,12.76,-19.53
-0.17,0.39,-1.01,23.25,19.65,-10.86
-0.16,0.25,-0.82,14.16,7.02,-5.00
-0.12,0.18,-0.82,4.58,0.12,-5.80
-0.10,0.21,-0.90,-6.35,-6.29,-6.10
-0.10,0.29,-1.00,-5.07,-5.31,0.00
-0.07,0.25,-1.05,-0.37,-1.10,7.20
-0.05,0.18,-1.02,5.98,0.79,5.00
-0.06,0.18,-1.00,12.88,-4.27,0.79